Actual_Quality_Segment,Predicted_Quality_Segment
Poorly_Reviewed,Poorly_Reviewed
Critically_Acclaimed,Critically_Acclaimed
Critically_Acclaimed,Critically_Acclaimed
Critically_Acclaimed,Critically_Acclaimed
Critically_Acclaimed,Critically_Acclaimed
Critically_Acclaimed,Critically_Acclaimed
Poorly_Reviewed,Critically_Acclaimed
Poorly_Reviewed,Poorly_Reviewed
Poorly_Reviewed,Poorly_Reviewed
Poorly_Reviewed,Critically_Acclaimed
Critically_Acclaimed,Poorly_Reviewed
Poorly_Reviewed,Poorly_Reviewed
Critically_Acclaimed,Critically_Acclaimed
Poorly_Reviewed,Poorly_Reviewed
Poorly_Reviewed,Poorly_Reviewed
Poorly_Reviewed,Poorly_Reviewed
Poorly_Reviewed,Poorly_Reviewed
Critically_Acclaimed,Critically_Acclaimed
Poorly_Reviewed,Poorly_Reviewed
Poorly_Reviewed,Poorly_Reviewed
Poorly_Reviewed,Poorly_Reviewed
Poorly_Reviewed,Poorly_Reviewed
Poorly_Reviewed,Poorly_Reviewed
Poorly_Reviewed,Poorly_Reviewed
Critically_Acclaimed,Critically_Acclaimed
Poorly_Reviewed,Poorly_Reviewed
Poorly_Reviewed,Poorly_Reviewed
Poorly_Reviewed,Poorly_Reviewed
Critically_Acclaimed,Poorly_Reviewed
Critically_Acclaimed,Critically_Acclaimed
Poorly_Reviewed,Poorly_Reviewed
Critically_Acclaimed,Poorly_Reviewed
Poorly_Reviewed,Poorly_Reviewed
Critically_Acclaimed,Poorly_Reviewed
Critically_Acclaimed,Poorly_Reviewed
Poorly_Reviewed,Poorly_Reviewed
Poorly_Reviewed,Poorly_Reviewed
Critically_Acclaimed,Critically_Acclaimed
Poorly_Reviewed,Poorly_Reviewed
Poorly_Reviewed,Poorly_Reviewed
Poorly_Reviewed,Poorly_Reviewed
Critically_Acclaimed,Critically_Acclaimed
Poorly_Reviewed,Poorly_Reviewed
Critically_Acclaimed,Poorly_Reviewed
Poorly_Reviewed,Poorly_Reviewed
Critically_Acclaimed,Poorly_Reviewed
Poorly_Reviewed,Poorly_Reviewed
Poorly_Reviewed,Poorly_Reviewed
Critically_Acclaimed,Critically_Acclaimed
Poorly_Reviewed,Poorly_Reviewed
Poorly_Reviewed,Poorly_Reviewed
Critically_Acclaimed,Critically_Acclaimed
Critically_Acclaimed,Critically_Acclaimed
Poorly_Reviewed,Poorly_Reviewed
Poorly_Reviewed,Poorly_Reviewed
Poorly_Reviewed,Poorly_Reviewed
Poorly_Reviewed,Poorly_Reviewed
Poorly_Reviewed,Poorly_Reviewed
Critically_Acclaimed,Poorly_Reviewed
Critically_Acclaimed,Critically_Acclaimed
Critically_Acclaimed,Poorly_Reviewed
Poorly_Reviewed,Poorly_Reviewed
Poorly_Reviewed,Poorly_Reviewed
Critically_Acclaimed,Critically_Acclaimed
Poorly_Reviewed,Poorly_Reviewed
Critically_Acclaimed,Poorly_Reviewed
Poorly_Reviewed,Poorly_Reviewed
Poorly_Reviewed,Poorly_Reviewed
Poorly_Reviewed,Poorly_Reviewed
Poorly_Reviewed,Poorly_Reviewed
Poorly_Reviewed,Poorly_Reviewed
Poorly_Reviewed,Poorly_Reviewed
Poorly_Reviewed,Poorly_Reviewed
Critically_Acclaimed,Critically_Acclaimed
Poorly_Reviewed,Poorly_Reviewed
Poorly_Reviewed,Poorly_Reviewed
Critically_Acclaimed,Critically_Acclaimed
Poorly_Reviewed,Poorly_Reviewed
Critically_Acclaimed,Critically_Acclaimed
Critically_Acclaimed,Critically_Acclaimed
Poorly_Reviewed,Poorly_Reviewed
Critically_Acclaimed,Poorly_Reviewed
Critically_Acclaimed,Critically_Acclaimed
Poorly_Reviewed,Poorly_Reviewed
Critically_Acclaimed,Critically_Acclaimed
Critically_Acclaimed,Critically_Acclaimed
Poorly_Reviewed,Poorly_Reviewed
Poorly_Reviewed,Poorly_Reviewed
Critically_Acclaimed,Critically_Acclaimed
Critically_Acclaimed,Critically_Acclaimed
Poorly_Reviewed,Poorly_Reviewed
Poorly_Reviewed,Poorly_Reviewed
Poorly_Reviewed,Poorly_Reviewed
Poorly_Reviewed,Poorly_Reviewed
Critically_Acclaimed,Critically_Acclaimed
Critically_Acclaimed,Poorly_Reviewed
Critically_Acclaimed,Critically_Acclaimed
Critically_Acclaimed,Poorly_Reviewed
Poorly_Reviewed,Critically_Acclaimed
Poorly_Reviewed,Poorly_Reviewed
Poorly_Reviewed,Poorly_Reviewed
Poorly_Reviewed,Poorly_Reviewed
Poorly_Reviewed,Poorly_Reviewed
Poorly_Reviewed,Poorly_Reviewed
Poorly_Reviewed,Poorly_Reviewed
Poorly_Reviewed,Poorly_Reviewed
Critically_Acclaimed,Critically_Acclaimed
Critically_Acclaimed,Critically_Acclaimed
Critically_Acclaimed,Poorly_Reviewed
Poorly_Reviewed,Poorly_Reviewed
Critically_Acclaimed,Critically_Acclaimed
Poorly_Reviewed,Poorly_Reviewed
Poorly_Reviewed,Poorly_Reviewed
Poorly_Reviewed,Poorly_Reviewed
Poorly_Reviewed,Poorly_Reviewed
Critically_Acclaimed,Poorly_Reviewed
Poorly_Reviewed,Poorly_Reviewed
Poorly_Reviewed,Poorly_Reviewed
Poorly_Reviewed,Poorly_Reviewed
Poorly_Reviewed,Poorly_Reviewed
Poorly_Reviewed,Poorly_Reviewed
Critically_Acclaimed,Critically_Acclaimed
Critically_Acclaimed,Poorly_Reviewed
Poorly_Reviewed,Poorly_Reviewed
Poorly_Reviewed,Poorly_Reviewed
Poorly_Reviewed,Poorly_Reviewed
Poorly_Reviewed,Poorly_Reviewed
Poorly_Reviewed,Poorly_Reviewed
Poorly_Reviewed,Poorly_Reviewed
Poorly_Reviewed,Poorly_Reviewed
Critically_Acclaimed,Critically_Acclaimed
Critically_Acclaimed,Critically_Acclaimed
Critically_Acclaimed,Poorly_Reviewed
Poorly_Reviewed,Poorly_Reviewed
Critically_Acclaimed,Critically_Acclaimed
Poorly_Reviewed,Poorly_Reviewed
Critically_Acclaimed,Critically_Acclaimed
Critically_Acclaimed,Poorly_Reviewed
Poorly_Reviewed,Poorly_Reviewed
Poorly_Reviewed,Poorly_Reviewed
Poorly_Reviewed,Critically_Acclaimed
Poorly_Reviewed,Poorly_Reviewed
Poorly_Reviewed,Poorly_Reviewed
Critically_Acclaimed,Critically_Acclaimed
Poorly_Reviewed,Poorly_Reviewed
Poorly_Reviewed,Poorly_Reviewed
Poorly_Reviewed,Poorly_Reviewed
Poorly_Reviewed,Poorly_Reviewed
Critically_Acclaimed,Poorly_Reviewed
Critically_Acclaimed,Critically_Acclaimed
Poorly_Reviewed,Poorly_Reviewed
Poorly_Reviewed,Poorly_Reviewed
Poorly_Reviewed,Poorly_Reviewed
Poorly_Reviewed,Poorly_Reviewed
Critically_Acclaimed,Critically_Acclaimed
Poorly_Reviewed,Poorly_Reviewed
Poorly_Reviewed,Poorly_Reviewed
Critically_Acclaimed,Critically_Acclaimed
Poorly_Reviewed,Critically_Acclaimed
Poorly_Reviewed,Poorly_Reviewed
Critically_Acclaimed,Critically_Acclaimed
Poorly_Reviewed,Poorly_Reviewed
Poorly_Reviewed,Poorly_Reviewed
Critically_Acclaimed,Critically_Acclaimed
Critically_Acclaimed,Critically_Acclaimed
Poorly_Reviewed,Poorly_Reviewed
Poorly_Reviewed,Poorly_Reviewed
Critically_Acclaimed,Poorly_Reviewed
Poorly_Reviewed,Poorly_Reviewed
Poorly_Reviewed,Poorly_Reviewed
Critically_Acclaimed,Critically_Acclaimed
Poorly_Reviewed,Poorly_Reviewed
Poorly_Reviewed,Poorly_Reviewed
Critically_Acclaimed,Poorly_Reviewed
Poorly_Reviewed,Poorly_Reviewed
Critically_Acclaimed,Critically_Acclaimed
Poorly_Reviewed,Poorly_Reviewed
Critically_Acclaimed,Critically_Acclaimed
Poorly_Reviewed,Poorly_Reviewed
Poorly_Reviewed,Poorly_Reviewed
Critically_Acclaimed,Critically_Acclaimed
Poorly_Reviewed,Poorly_Reviewed
Poorly_Reviewed,Poorly_Reviewed
Poorly_Reviewed,Poorly_Reviewed
Poorly_Reviewed,Poorly_Reviewed
Poorly_Reviewed,Poorly_Reviewed
Poorly_Reviewed,Poorly_Reviewed
Poorly_Reviewed,Poorly_Reviewed
Poorly_Reviewed,Poorly_Reviewed
Poorly_Reviewed,Critically_Acclaimed
Poorly_Reviewed,Poorly_Reviewed
Poorly_Reviewed,Poorly_Reviewed
Critically_Acclaimed,Critically_Acclaimed
Poorly_Reviewed,Poorly_Reviewed
Poorly_Reviewed,Poorly_Reviewed
Poorly_Reviewed,Poorly_Reviewed
Poorly_Reviewed,Poorly_Reviewed
Critically_Acclaimed,Poorly_Reviewed
Poorly_Reviewed,Poorly_Reviewed
Poorly_Reviewed,Poorly_Reviewed
Poorly_Reviewed,Poorly_Reviewed
Critically_Acclaimed,Critically_Acclaimed
Critically_Acclaimed,Critically_Acclaimed
Poorly_Reviewed,Poorly_Reviewed
Poorly_Reviewed,Critically_Acclaimed
Poorly_Reviewed,Poorly_Reviewed
Poorly_Reviewed,Poorly_Reviewed
Critically_Acclaimed,Critically_Acclaimed
Poorly_Reviewed,Poorly_Reviewed
Poorly_Reviewed,Critically_Acclaimed
Poorly_Reviewed,Poorly_Reviewed
Poorly_Reviewed,Poorly_Reviewed
Poorly_Reviewed,Critically_Acclaimed
Poorly_Reviewed,Poorly_Reviewed
Poorly_Reviewed,Poorly_Reviewed
Poorly_Reviewed,Poorly_Reviewed
Poorly_Reviewed,Poorly_Reviewed
Poorly_Reviewed,Poorly_Reviewed
Poorly_Reviewed,Poorly_Reviewed
Poorly_Reviewed,Poorly_Reviewed
Critically_Acclaimed,Poorly_Reviewed
Poorly_Reviewed,Poorly_Reviewed
Poorly_Reviewed,Poorly_Reviewed
Poorly_Reviewed,Poorly_Reviewed
Poorly_Reviewed,Poorly_Reviewed
Poorly_Reviewed,Critically_Acclaimed
Poorly_Reviewed,Critically_Acclaimed
Poorly_Reviewed,Poorly_Reviewed
Poorly_Reviewed,Poorly_Reviewed
Poorly_Reviewed,Poorly_Reviewed
Poorly_Reviewed,Poorly_Reviewed
Poorly_Reviewed,Poorly_Reviewed
Poorly_Reviewed,Poorly_Reviewed
Critically_Acclaimed,Critically_Acclaimed
Poorly_Reviewed,Poorly_Reviewed
Poorly_Reviewed,Poorly_Reviewed
Poorly_Reviewed,Poorly_Reviewed
Poorly_Reviewed,Critically_Acclaimed
Poorly_Reviewed,Poorly_Reviewed
Poorly_Reviewed,Poorly_Reviewed
Critically_Acclaimed,Poorly_Reviewed
Poorly_Reviewed,Poorly_Reviewed
Critically_Acclaimed,Critically_Acclaimed
Critically_Acclaimed,Poorly_Reviewed
Poorly_Reviewed,Poorly_Reviewed
Critically_Acclaimed,Critically_Acclaimed
Poorly_Reviewed,Critically_Acclaimed
Critically_Acclaimed,Critically_Acclaimed
Poorly_Reviewed,Poorly_Reviewed
Poorly_Reviewed,Poorly_Reviewed
Poorly_Reviewed,Poorly_Reviewed
Critically_Acclaimed,Critically_Acclaimed
Critically_Acclaimed,Critically_Acclaimed
Poorly_Reviewed,Poorly_Reviewed
Poorly_Reviewed,Poorly_Reviewed
Poorly_Reviewed,Poorly_Reviewed
Poorly_Reviewed,Poorly_Reviewed
Poorly_Reviewed,Poorly_Reviewed
Poorly_Reviewed,Poorly_Reviewed
Poorly_Reviewed,Poorly_Reviewed
Poorly_Reviewed,Poorly_Reviewed
Poorly_Reviewed,Poorly_Reviewed
Critically_Acclaimed,Critically_Acclaimed
Poorly_Reviewed,Poorly_Reviewed
Poorly_Reviewed,Poorly_Reviewed
Poorly_Reviewed,Poorly_Reviewed
Poorly_Reviewed,Poorly_Reviewed
Critically_Acclaimed,Critically_Acclaimed
Poorly_Reviewed,Poorly_Reviewed
Poorly_Reviewed,Poorly_Reviewed
Poorly_Reviewed,Poorly_Reviewed
Poorly_Reviewed,Poorly_Reviewed
Poorly_Reviewed,Poorly_Reviewed
Poorly_Reviewed,Poorly_Reviewed
Poorly_Reviewed,Poorly_Reviewed
Critically_Acclaimed,Poorly_Reviewed
Poorly_Reviewed,Poorly_Reviewed
Critically_Acclaimed,Critically_Acclaimed
Poorly_Reviewed,Poorly_Reviewed
Poorly_Reviewed,Poorly_Reviewed
Poorly_Reviewed,Poorly_Reviewed
Critically_Acclaimed,Critically_Acclaimed
Critically_Acclaimed,Critically_Acclaimed
Poorly_Reviewed,Poorly_Reviewed
Poorly_Reviewed,Critically_Acclaimed
Poorly_Reviewed,Poorly_Reviewed
Poorly_Reviewed,Poorly_Reviewed
Poorly_Reviewed,Poorly_Reviewed
Critically_Acclaimed,Critically_Acclaimed
Poorly_Reviewed,Poorly_Reviewed
Critically_Acclaimed,Critically_Acclaimed
Poorly_Reviewed,Poorly_Reviewed
Poorly_Reviewed,Poorly_Reviewed
Poorly_Reviewed,Poorly_Reviewed
Poorly_Reviewed,Poorly_Reviewed
Critically_Acclaimed,Critically_Acclaimed
Poorly_Reviewed,Poorly_Reviewed
Poorly_Reviewed,Poorly_Reviewed
Critically_Acclaimed,Poorly_Reviewed
Critically_Acclaimed,Critically_Acclaimed
Poorly_Reviewed,Poorly_Reviewed
Critically_Acclaimed,Critically_Acclaimed
Critically_Acclaimed,Critically_Acclaimed
Poorly_Reviewed,Poorly_Reviewed
Critically_Acclaimed,Critically_Acclaimed
Poorly_Reviewed,Poorly_Reviewed
Poorly_Reviewed,Poorly_Reviewed
Poorly_Reviewed,Poorly_Reviewed
Critically_Acclaimed,Poorly_Reviewed
Poorly_Reviewed,Poorly_Reviewed
Critically_Acclaimed,Critically_Acclaimed
Poorly_Reviewed,Poorly_Reviewed
Poorly_Reviewed,Poorly_Reviewed
Critically_Acclaimed,Poorly_Reviewed
Critically_Acclaimed,Critically_Acclaimed
Poorly_Reviewed,Poorly_Reviewed
Poorly_Reviewed,Poorly_Reviewed
Poorly_Reviewed,Poorly_Reviewed
Critically_Acclaimed,Critically_Acclaimed
Poorly_Reviewed,Poorly_Reviewed
Critically_Acclaimed,Poorly_Reviewed
Poorly_Reviewed,Poorly_Reviewed
Poorly_Reviewed,Poorly_Reviewed
Poorly_Reviewed,Poorly_Reviewed
Critically_Acclaimed,Poorly_Reviewed
Poorly_Reviewed,Poorly_Reviewed
Poorly_Reviewed,Poorly_Reviewed
Poorly_Reviewed,Poorly_Reviewed
Poorly_Reviewed,Poorly_Reviewed
Poorly_Reviewed,Poorly_Reviewed
Poorly_Reviewed,Poorly_Reviewed
Poorly_Reviewed,Poorly_Reviewed
Critically_Acclaimed,Poorly_Reviewed
Critically_Acclaimed,Critically_Acclaimed
Poorly_Reviewed,Critically_Acclaimed
Poorly_Reviewed,Poorly_Reviewed
Poorly_Reviewed,Poorly_Reviewed
Poorly_Reviewed,Poorly_Reviewed
Poorly_Reviewed,Poorly_Reviewed
Poorly_Reviewed,Poorly_Reviewed
Poorly_Reviewed,Poorly_Reviewed
Poorly_Reviewed,Poorly_Reviewed
Poorly_Reviewed,Poorly_Reviewed
Critically_Acclaimed,Critically_Acclaimed
Poorly_Reviewed,Poorly_Reviewed
Poorly_Reviewed,Poorly_Reviewed
Poorly_Reviewed,Poorly_Reviewed
Poorly_Reviewed,Poorly_Reviewed
Poorly_Reviewed,Poorly_Reviewed
Poorly_Reviewed,Poorly_Reviewed
Poorly_Reviewed,Poorly_Reviewed
Poorly_Reviewed,Poorly_Reviewed
Poorly_Reviewed,Poorly_Reviewed
Critically_Acclaimed,Critically_Acclaimed
Poorly_Reviewed,Poorly_Reviewed
Poorly_Reviewed,Poorly_Reviewed
Poorly_Reviewed,Poorly_Reviewed
Critically_Acclaimed,Critically_Acclaimed
Poorly_Reviewed,Poorly_Reviewed
Critically_Acclaimed,Critically_Acclaimed
Poorly_Reviewed,Poorly_Reviewed
Poorly_Reviewed,Poorly_Reviewed
Poorly_Reviewed,Poorly_Reviewed
Critically_Acclaimed,Poorly_Reviewed
Poorly_Reviewed,Poorly_Reviewed
Poorly_Reviewed,Poorly_Reviewed
Poorly_Reviewed,Poorly_Reviewed
Poorly_Reviewed,Poorly_Reviewed
Poorly_Reviewed,Poorly_Reviewed
Critically_Acclaimed,Critically_Acclaimed
Poorly_Reviewed,Poorly_Reviewed
Critically_Acclaimed,Poorly_Reviewed
Poorly_Reviewed,Poorly_Reviewed
Poorly_Reviewed,Poorly_Reviewed
Poorly_Reviewed,Poorly_Reviewed
Poorly_Reviewed,Poorly_Reviewed
Poorly_Reviewed,Poorly_Reviewed
Poorly_Reviewed,Poorly_Reviewed
Poorly_Reviewed,Poorly_Reviewed
Critically_Acclaimed,Critically_Acclaimed
Poorly_Reviewed,Poorly_Reviewed
Critically_Acclaimed,Poorly_Reviewed
Poorly_Reviewed,Poorly_Reviewed
Poorly_Reviewed,Poorly_Reviewed
Poorly_Reviewed,Poorly_Reviewed
Poorly_Reviewed,Poorly_Reviewed
Poorly_Reviewed,Poorly_Reviewed
Poorly_Reviewed,Poorly_Reviewed
Critically_Acclaimed,Critically_Acclaimed
Critically_Acclaimed,Poorly_Reviewed
Critically_Acclaimed,Critically_Acclaimed
Poorly_Reviewed,Poorly_Reviewed
Poorly_Reviewed,Poorly_Reviewed
Poorly_Reviewed,Poorly_Reviewed
Poorly_Reviewed,Poorly_Reviewed
Poorly_Reviewed,Poorly_Reviewed
Poorly_Reviewed,Poorly_Reviewed
Critically_Acclaimed,Critically_Acclaimed
Poorly_Reviewed,Poorly_Reviewed
Critically_Acclaimed,Critically_Acclaimed
Critically_Acclaimed,Poorly_Reviewed
Poorly_Reviewed,Poorly_Reviewed
Poorly_Reviewed,Poorly_Reviewed
Poorly_Reviewed,Critically_Acclaimed
Poorly_Reviewed,Poorly_Reviewed
Critically_Acclaimed,Poorly_Reviewed
Poorly_Reviewed,Poorly_Reviewed
Poorly_Reviewed,Poorly_Reviewed
Poorly_Reviewed,Poorly_Reviewed
Critically_Acclaimed,Poorly_Reviewed
Poorly_Reviewed,Poorly_Reviewed
Poorly_Reviewed,Poorly_Reviewed
Poorly_Reviewed,Poorly_Reviewed
Poorly_Reviewed,Poorly_Reviewed
Poorly_Reviewed,Poorly_Reviewed
Poorly_Reviewed,Poorly_Reviewed
Poorly_Reviewed,Poorly_Reviewed
Poorly_Reviewed,Poorly_Reviewed
Poorly_Reviewed,Poorly_Reviewed
Poorly_Reviewed,Poorly_Reviewed
Poorly_Reviewed,Poorly_Reviewed
Critically_Acclaimed,Critically_Acclaimed
Poorly_Reviewed,Poorly_Reviewed
Poorly_Reviewed,Poorly_Reviewed
Poorly_Reviewed,Poorly_Reviewed
Critically_Acclaimed,Critically_Acclaimed
Poorly_Reviewed,Critically_Acclaimed
Poorly_Reviewed,Poorly_Reviewed
Poorly_Reviewed,Poorly_Reviewed
Poorly_Reviewed,Poorly_Reviewed
Poorly_Reviewed,Poorly_Reviewed
Poorly_Reviewed,Poorly_Reviewed
Poorly_Reviewed,Poorly_Reviewed
Poorly_Reviewed,Poorly_Reviewed
Poorly_Reviewed,Poorly_Reviewed
Poorly_Reviewed,Poorly_Reviewed
Critically_Acclaimed,Critically_Acclaimed
Critically_Acclaimed,Critically_Acclaimed
Critically_Acclaimed,Critically_Acclaimed
Poorly_Reviewed,Poorly_Reviewed
Critically_Acclaimed,Critically_Acclaimed
Poorly_Reviewed,Poorly_Reviewed
Poorly_Reviewed,Poorly_Reviewed
Poorly_Reviewed,Poorly_Reviewed
Critically_Acclaimed,Critically_Acclaimed
Poorly_Reviewed,Poorly_Reviewed
Poorly_Reviewed,Poorly_Reviewed
Poorly_Reviewed,Poorly_Reviewed
Critically_Acclaimed,Critically_Acclaimed
Poorly_Reviewed,Poorly_Reviewed
Critically_Acclaimed,Critically_Acclaimed
Poorly_Reviewed,Poorly_Reviewed
Poorly_Reviewed,Poorly_Reviewed
Poorly_Reviewed,Poorly_Reviewed
Poorly_Reviewed,Poorly_Reviewed
Critically_Acclaimed,Critically_Acclaimed
Poorly_Reviewed,Poorly_Reviewed
Poorly_Reviewed,Poorly_Reviewed
Poorly_Reviewed,Critically_Acclaimed
Critically_Acclaimed,Poorly_Reviewed
Critically_Acclaimed,Critically_Acclaimed
Poorly_Reviewed,Poorly_Reviewed
Poorly_Reviewed,Poorly_Reviewed
Poorly_Reviewed,Poorly_Reviewed
Poorly_Reviewed,Poorly_Reviewed
Poorly_Reviewed,Poorly_Reviewed
Poorly_Reviewed,Poorly_Reviewed
Poorly_Reviewed,Critically_Acclaimed
Poorly_Reviewed,Poorly_Reviewed
Poorly_Reviewed,Critically_Acclaimed
Poorly_Reviewed,Poorly_Reviewed
Poorly_Reviewed,Poorly_Reviewed
Critically_Acclaimed,Critically_Acclaimed
Poorly_Reviewed,Poorly_Reviewed
Poorly_Reviewed,Poorly_Reviewed
Poorly_Reviewed,Poorly_Reviewed
Critically_Acclaimed,Poorly_Reviewed
Poorly_Reviewed,Poorly_Reviewed
Poorly_Reviewed,Poorly_Reviewed
Critically_Acclaimed,Poorly_Reviewed
Critically_Acclaimed,Critically_Acclaimed
Critically_Acclaimed,Critically_Acclaimed
Critically_Acclaimed,Critically_Acclaimed
Poorly_Reviewed,Poorly_Reviewed
Poorly_Reviewed,Poorly_Reviewed
Poorly_Reviewed,Poorly_Reviewed
Poorly_Reviewed,Poorly_Reviewed
Poorly_Reviewed,Poorly_Reviewed
Critically_Acclaimed,Critically_Acclaimed
Critically_Acclaimed,Poorly_Reviewed
Poorly_Reviewed,Poorly_Reviewed
Poorly_Reviewed,Critically_Acclaimed
Critically_Acclaimed,Critically_Acclaimed
Poorly_Reviewed,Poorly_Reviewed
Poorly_Reviewed,Poorly_Reviewed
Poorly_Reviewed,Poorly_Reviewed
Poorly_Reviewed,Poorly_Reviewed
Poorly_Reviewed,Poorly_Reviewed
Critically_Acclaimed,Critically_Acclaimed
Poorly_Reviewed,Poorly_Reviewed
Poorly_Reviewed,Poorly_Reviewed
Poorly_Reviewed,Poorly_Reviewed
Poorly_Reviewed,Poorly_Reviewed
Poorly_Reviewed,Poorly_Reviewed
Critically_Acclaimed,Critically_Acclaimed
Poorly_Reviewed,Poorly_Reviewed
Poorly_Reviewed,Critically_Acclaimed
Poorly_Reviewed,Critically_Acclaimed
Poorly_Reviewed,Poorly_Reviewed
Poorly_Reviewed,Poorly_Reviewed
Poorly_Reviewed,Poorly_Reviewed
Poorly_Reviewed,Poorly_Reviewed
Critically_Acclaimed,Critically_Acclaimed
Poorly_Reviewed,Poorly_Reviewed
Poorly_Reviewed,Poorly_Reviewed
Poorly_Reviewed,Poorly_Reviewed
Critically_Acclaimed,Poorly_Reviewed
Poorly_Reviewed,Poorly_Reviewed
Poorly_Reviewed,Poorly_Reviewed
Poorly_Reviewed,Poorly_Reviewed
Poorly_Reviewed,Critically_Acclaimed
Poorly_Reviewed,Poorly_Reviewed
Poorly_Reviewed,Critically_Acclaimed
Poorly_Reviewed,Poorly_Reviewed
Critically_Acclaimed,Poorly_Reviewed
Poorly_Reviewed,Poorly_Reviewed
Poorly_Reviewed,Poorly_Reviewed
Critically_Acclaimed,Critically_Acclaimed
Poorly_Reviewed,Poorly_Reviewed
Critically_Acclaimed,Critically_Acclaimed
Poorly_Reviewed,Poorly_Reviewed
Critically_Acclaimed,Critically_Acclaimed
Poorly_Reviewed,Poorly_Reviewed
Poorly_Reviewed,Poorly_Reviewed
Poorly_Reviewed,Poorly_Reviewed
Poorly_Reviewed,Poorly_Reviewed
Poorly_Reviewed,Poorly_Reviewed
Critically_Acclaimed,Critically_Acclaimed
Poorly_Reviewed,Poorly_Reviewed
Poorly_Reviewed,Poorly_Reviewed
Critically_Acclaimed,Critically_Acclaimed
Critically_Acclaimed,Critically_Acclaimed
Poorly_Reviewed,Poorly_Reviewed
Poorly_Reviewed,Poorly_Reviewed
Poorly_Reviewed,Poorly_Reviewed
Critically_Acclaimed,Critically_Acclaimed
Critically_Acclaimed,Critically_Acclaimed
Poorly_Reviewed,Poorly_Reviewed
Poorly_Reviewed,Poorly_Reviewed
Poorly_Reviewed,Poorly_Reviewed
Poorly_Reviewed,Poorly_Reviewed
Poorly_Reviewed,Poorly_Reviewed
Poorly_Reviewed,Poorly_Reviewed
Poorly_Reviewed,Poorly_Reviewed
Poorly_Reviewed,Critically_Acclaimed
Critically_Acclaimed,Critically_Acclaimed
Poorly_Reviewed,Poorly_Reviewed
Poorly_Reviewed,Poorly_Reviewed
Poorly_Reviewed,Poorly_Reviewed
Poorly_Reviewed,Poorly_Reviewed
Poorly_Reviewed,Poorly_Reviewed
Poorly_Reviewed,Poorly_Reviewed
Poorly_Reviewed,Poorly_Reviewed
Poorly_Reviewed,Poorly_Reviewed
Critically_Acclaimed,Poorly_Reviewed
Poorly_Reviewed,Critically_Acclaimed
Poorly_Reviewed,Poorly_Reviewed
Poorly_Reviewed,Poorly_Reviewed
Critically_Acclaimed,Critically_Acclaimed
Poorly_Reviewed,Poorly_Reviewed
Poorly_Reviewed,Critically_Acclaimed
Poorly_Reviewed,Poorly_Reviewed
Poorly_Reviewed,Poorly_Reviewed
Poorly_Reviewed,Poorly_Reviewed
Poorly_Reviewed,Poorly_Reviewed
Poorly_Reviewed,Poorly_Reviewed
Poorly_Reviewed,Poorly_Reviewed
Poorly_Reviewed,Poorly_Reviewed
Poorly_Reviewed,Poorly_Reviewed
Critically_Acclaimed,Critically_Acclaimed
Critically_Acclaimed,Poorly_Reviewed
Poorly_Reviewed,Poorly_Reviewed
Poorly_Reviewed,Poorly_Reviewed
Critically_Acclaimed,Critically_Acclaimed
Poorly_Reviewed,Poorly_Reviewed
Poorly_Reviewed,Poorly_Reviewed
Poorly_Reviewed,Poorly_Reviewed
Poorly_Reviewed,Poorly_Reviewed
Poorly_Reviewed,Poorly_Reviewed
Critically_Acclaimed,Critically_Acclaimed
Poorly_Reviewed,Poorly_Reviewed
Critically_Acclaimed,Critically_Acclaimed
Critically_Acclaimed,Critically_Acclaimed
Critically_Acclaimed,Critically_Acclaimed
Poorly_Reviewed,Poorly_Reviewed
Poorly_Reviewed,Poorly_Reviewed
Poorly_Reviewed,Poorly_Reviewed
Poorly_Reviewed,Critically_Acclaimed
Critically_Acclaimed,Critically_Acclaimed
Poorly_Reviewed,Poorly_Reviewed
Poorly_Reviewed,Critically_Acclaimed
Poorly_Reviewed,Poorly_Reviewed
Poorly_Reviewed,Poorly_Reviewed
Poorly_Reviewed,Poorly_Reviewed
Poorly_Reviewed,Poorly_Reviewed
Critically_Acclaimed,Critically_Acclaimed
Poorly_Reviewed,Poorly_Reviewed
Critically_Acclaimed,Critically_Acclaimed
Poorly_Reviewed,Poorly_Reviewed
Poorly_Reviewed,Poorly_Reviewed
Critically_Acclaimed,Critically_Acclaimed
Poorly_Reviewed,Poorly_Reviewed
Poorly_Reviewed,Poorly_Reviewed
Poorly_Reviewed,Poorly_Reviewed
Critically_Acclaimed,Poorly_Reviewed
Poorly_Reviewed,Poorly_Reviewed
Poorly_Reviewed,Poorly_Reviewed
Poorly_Reviewed,Poorly_Reviewed
Poorly_Reviewed,Poorly_Reviewed
Poorly_Reviewed,Poorly_Reviewed
Poorly_Reviewed,Poorly_Reviewed
Critically_Acclaimed,Poorly_Reviewed
Poorly_Reviewed,Poorly_Reviewed
Poorly_Reviewed,Poorly_Reviewed
Poorly_Reviewed,Critically_Acclaimed
Poorly_Reviewed,Poorly_Reviewed
Critically_Acclaimed,Poorly_Reviewed
Poorly_Reviewed,Poorly_Reviewed
Poorly_Reviewed,Poorly_Reviewed
Poorly_Reviewed,Poorly_Reviewed
Critically_Acclaimed,Poorly_Reviewed
Poorly_Reviewed,Poorly_Reviewed
Critically_Acclaimed,Poorly_Reviewed
Poorly_Reviewed,Poorly_Reviewed
Poorly_Reviewed,Poorly_Reviewed
Poorly_Reviewed,Poorly_Reviewed
Poorly_Reviewed,Poorly_Reviewed
Poorly_Reviewed,Poorly_Reviewed
Critically_Acclaimed,Critically_Acclaimed
Poorly_Reviewed,Poorly_Reviewed
Critically_Acclaimed,Critically_Acclaimed
Poorly_Reviewed,Critically_Acclaimed
Critically_Acclaimed,Critically_Acclaimed
Poorly_Reviewed,Poorly_Reviewed
Poorly_Reviewed,Poorly_Reviewed
Poorly_Reviewed,Poorly_Reviewed
Poorly_Reviewed,Poorly_Reviewed
Poorly_Reviewed,Poorly_Reviewed
Poorly_Reviewed,Poorly_Reviewed
Poorly_Reviewed,Poorly_Reviewed
Critically_Acclaimed,Critically_Acclaimed
Poorly_Reviewed,Poorly_Reviewed
Poorly_Reviewed,Poorly_Reviewed
Poorly_Reviewed,Poorly_Reviewed
Poorly_Reviewed,Poorly_Reviewed
Poorly_Reviewed,Poorly_Reviewed
Critically_Acclaimed,Critically_Acclaimed
Poorly_Reviewed,Poorly_Reviewed
Poorly_Reviewed,Poorly_Reviewed
Critically_Acclaimed,Critically_Acclaimed
Critically_Acclaimed,Critically_Acclaimed
Poorly_Reviewed,Poorly_Reviewed
Poorly_Reviewed,Poorly_Reviewed
Poorly_Reviewed,Poorly_Reviewed
Critically_Acclaimed,Critically_Acclaimed
Critically_Acclaimed,Poorly_Reviewed
Poorly_Reviewed,Poorly_Reviewed
Poorly_Reviewed,Poorly_Reviewed
Critically_Acclaimed,Critically_Acclaimed
Poorly_Reviewed,Poorly_Reviewed
Critically_Acclaimed,Poorly_Reviewed
Poorly_Reviewed,Poorly_Reviewed
Poorly_Reviewed,Poorly_Reviewed
Poorly_Reviewed,Poorly_Reviewed
Critically_Acclaimed,Critically_Acclaimed
Critically_Acclaimed,Critically_Acclaimed
Poorly_Reviewed,Critically_Acclaimed
Poorly_Reviewed,Poorly_Reviewed
Poorly_Reviewed,Poorly_Reviewed
Poorly_Reviewed,Poorly_Reviewed
Poorly_Reviewed,Poorly_Reviewed
Critically_Acclaimed,Critically_Acclaimed
Poorly_Reviewed,Poorly_Reviewed
Poorly_Reviewed,Poorly_Reviewed
Poorly_Reviewed,Poorly_Reviewed
Critically_Acclaimed,Critically_Acclaimed
Poorly_Reviewed,Poorly_Reviewed
Poorly_Reviewed,Poorly_Reviewed
Poorly_Reviewed,Poorly_Reviewed
Poorly_Reviewed,Poorly_Reviewed
Poorly_Reviewed,Poorly_Reviewed
Poorly_Reviewed,Poorly_Reviewed
Poorly_Reviewed,Poorly_Reviewed
Poorly_Reviewed,Poorly_Reviewed
Poorly_Reviewed,Poorly_Reviewed
Poorly_Reviewed,Poorly_Reviewed
Poorly_Reviewed,Poorly_Reviewed
Poorly_Reviewed,Poorly_Reviewed
Poorly_Reviewed,Poorly_Reviewed
Critically_Acclaimed,Critically_Acclaimed
Poorly_Reviewed,Poorly_Reviewed
Poorly_Reviewed,Poorly_Reviewed
Poorly_Reviewed,Poorly_Reviewed
Critically_Acclaimed,Critically_Acclaimed
Poorly_Reviewed,Poorly_Reviewed
Poorly_Reviewed,Poorly_Reviewed
Poorly_Reviewed,Poorly_Reviewed
Poorly_Reviewed,Poorly_Reviewed
Poorly_Reviewed,Critically_Acclaimed
Poorly_Reviewed,Poorly_Reviewed
Poorly_Reviewed,Poorly_Reviewed
Poorly_Reviewed,Poorly_Reviewed
Poorly_Reviewed,Poorly_Reviewed
Critically_Acclaimed,Critically_Acclaimed
Critically_Acclaimed,Critically_Acclaimed
Poorly_Reviewed,Poorly_Reviewed
Critically_Acclaimed,Critically_Acclaimed
Poorly_Reviewed,Poorly_Reviewed
Poorly_Reviewed,Poorly_Reviewed
Critically_Acclaimed,Poorly_Reviewed
Poorly_Reviewed,Poorly_Reviewed
Poorly_Reviewed,Poorly_Reviewed
Poorly_Reviewed,Poorly_Reviewed
Poorly_Reviewed,Poorly_Reviewed
Poorly_Reviewed,Poorly_Reviewed
Poorly_Reviewed,Poorly_Reviewed
Poorly_Reviewed,Poorly_Reviewed
Poorly_Reviewed,Poorly_Reviewed
Poorly_Reviewed,Poorly_Reviewed
Poorly_Reviewed,Poorly_Reviewed
Poorly_Reviewed,Poorly_Reviewed
Critically_Acclaimed,Critically_Acclaimed
Poorly_Reviewed,Poorly_Reviewed
Poorly_Reviewed,Poorly_Reviewed
Poorly_Reviewed,Poorly_Reviewed
Poorly_Reviewed,Poorly_Reviewed
Critically_Acclaimed,Poorly_Reviewed
Critically_Acclaimed,Critically_Acclaimed
Poorly_Reviewed,Poorly_Reviewed
Critically_Acclaimed,Critically_Acclaimed
Poorly_Reviewed,Poorly_Reviewed
Critically_Acclaimed,Poorly_Reviewed
Critically_Acclaimed,Critically_Acclaimed
Poorly_Reviewed,Poorly_Reviewed
Poorly_Reviewed,Poorly_Reviewed
Poorly_Reviewed,Poorly_Reviewed
Poorly_Reviewed,Poorly_Reviewed
Poorly_Reviewed,Poorly_Reviewed
Critically_Acclaimed,Critically_Acclaimed
Poorly_Reviewed,Poorly_Reviewed
Poorly_Reviewed,Poorly_Reviewed
Poorly_Reviewed,Poorly_Reviewed
Poorly_Reviewed,Poorly_Reviewed
Poorly_Reviewed,Poorly_Reviewed
Poorly_Reviewed,Poorly_Reviewed
Poorly_Reviewed,Poorly_Reviewed
Critically_Acclaimed,Critically_Acclaimed
Poorly_Reviewed,Poorly_Reviewed
Poorly_Reviewed,Poorly_Reviewed
Poorly_Reviewed,Poorly_Reviewed
Poorly_Reviewed,Poorly_Reviewed
Poorly_Reviewed,Poorly_Reviewed
Poorly_Reviewed,Poorly_Reviewed
Poorly_Reviewed,Poorly_Reviewed
Poorly_Reviewed,Poorly_Reviewed
Critically_Acclaimed,Poorly_Reviewed
Critically_Acclaimed,Critically_Acclaimed
Poorly_Reviewed,Poorly_Reviewed
Poorly_Reviewed,Poorly_Reviewed
Poorly_Reviewed,Poorly_Reviewed
Poorly_Reviewed,Critically_Acclaimed
Critically_Acclaimed,Critically_Acclaimed
Poorly_Reviewed,Poorly_Reviewed
Poorly_Reviewed,Poorly_Reviewed
Critically_Acclaimed,Poorly_Reviewed
Poorly_Reviewed,Poorly_Reviewed
Poorly_Reviewed,Poorly_Reviewed
Critically_Acclaimed,Critically_Acclaimed
Poorly_Reviewed,Poorly_Reviewed
Poorly_Reviewed,Poorly_Reviewed
Poorly_Reviewed,Poorly_Reviewed
Poorly_Reviewed,Poorly_Reviewed
Poorly_Reviewed,Poorly_Reviewed
Poorly_Reviewed,Critically_Acclaimed
Critically_Acclaimed,Critically_Acclaimed
Poorly_Reviewed,Poorly_Reviewed
Poorly_Reviewed,Poorly_Reviewed
Poorly_Reviewed,Poorly_Reviewed
Poorly_Reviewed,Poorly_Reviewed
Poorly_Reviewed,Poorly_Reviewed
Poorly_Reviewed,Poorly_Reviewed
Poorly_Reviewed,Poorly_Reviewed
Critically_Acclaimed,Critically_Acclaimed
Poorly_Reviewed,Poorly_Reviewed
Critically_Acclaimed,Critically_Acclaimed
Poorly_Reviewed,Poorly_Reviewed
Critically_Acclaimed,Critically_Acclaimed
Poorly_Reviewed,Poorly_Reviewed
Poorly_Reviewed,Poorly_Reviewed
Critically_Acclaimed,Poorly_Reviewed
Critically_Acclaimed,Critically_Acclaimed
Poorly_Reviewed,Poorly_Reviewed
Poorly_Reviewed,Poorly_Reviewed
Critically_Acclaimed,Critically_Acclaimed
Poorly_Reviewed,Poorly_Reviewed
Poorly_Reviewed,Poorly_Reviewed
Poorly_Reviewed,Poorly_Reviewed
Critically_Acclaimed,Critically_Acclaimed
Poorly_Reviewed,Critically_Acclaimed
Critically_Acclaimed,Critically_Acclaimed
Critically_Acclaimed,Critically_Acclaimed
Poorly_Reviewed,Poorly_Reviewed
Poorly_Reviewed,Poorly_Reviewed
Poorly_Reviewed,Poorly_Reviewed
Critically_Acclaimed,Critically_Acclaimed
Poorly_Reviewed,Poorly_Reviewed
Critically_Acclaimed,Critically_Acclaimed
Poorly_Reviewed,Critically_Acclaimed
Poorly_Reviewed,Critically_Acclaimed
Poorly_Reviewed,Poorly_Reviewed
Poorly_Reviewed,Poorly_Reviewed
Poorly_Reviewed,Poorly_Reviewed
Poorly_Reviewed,Poorly_Reviewed
Poorly_Reviewed,Poorly_Reviewed
Poorly_Reviewed,Poorly_Reviewed
Poorly_Reviewed,Poorly_Reviewed
Poorly_Reviewed,Poorly_Reviewed
Poorly_Reviewed,Poorly_Reviewed
Poorly_Reviewed,Poorly_Reviewed
Poorly_Reviewed,Poorly_Reviewed
Poorly_Reviewed,Poorly_Reviewed
Poorly_Reviewed,Poorly_Reviewed
Poorly_Reviewed,Poorly_Reviewed
Poorly_Reviewed,Poorly_Reviewed
Critically_Acclaimed,Critically_Acclaimed
Poorly_Reviewed,Poorly_Reviewed
Critically_Acclaimed,Critically_Acclaimed
Critically_Acclaimed,Critically_Acclaimed
Poorly_Reviewed,Poorly_Reviewed
Critically_Acclaimed,Poorly_Reviewed
Poorly_Reviewed,Poorly_Reviewed
Poorly_Reviewed,Poorly_Reviewed
Poorly_Reviewed,Poorly_Reviewed
Poorly_Reviewed,Poorly_Reviewed
Poorly_Reviewed,Poorly_Reviewed
Poorly_Reviewed,Critically_Acclaimed
Poorly_Reviewed,Poorly_Reviewed
Poorly_Reviewed,Poorly_Reviewed
Poorly_Reviewed,Poorly_Reviewed
Poorly_Reviewed,Poorly_Reviewed
Poorly_Reviewed,Poorly_Reviewed
Poorly_Reviewed,Poorly_Reviewed
Poorly_Reviewed,Poorly_Reviewed
Poorly_Reviewed,Poorly_Reviewed
Critically_Acclaimed,Critically_Acclaimed
Poorly_Reviewed,Poorly_Reviewed
Poorly_Reviewed,Poorly_Reviewed
Poorly_Reviewed,Poorly_Reviewed
Poorly_Reviewed,Poorly_Reviewed
Poorly_Reviewed,Poorly_Reviewed
Critically_Acclaimed,Critically_Acclaimed
Poorly_Reviewed,Poorly_Reviewed
Poorly_Reviewed,Poorly_Reviewed
Critically_Acclaimed,Poorly_Reviewed
Poorly_Reviewed,Poorly_Reviewed
Poorly_Reviewed,Poorly_Reviewed
Poorly_Reviewed,Poorly_Reviewed
Poorly_Reviewed,Poorly_Reviewed
Poorly_Reviewed,Poorly_Reviewed
Poorly_Reviewed,Poorly_Reviewed
Critically_Acclaimed,Critically_Acclaimed
Critically_Acclaimed,Critically_Acclaimed
Poorly_Reviewed,Poorly_Reviewed
Poorly_Reviewed,Poorly_Reviewed
Critically_Acclaimed,Critically_Acclaimed
Poorly_Reviewed,Poorly_Reviewed
Critically_Acclaimed,Critically_Acclaimed
Poorly_Reviewed,Poorly_Reviewed
Poorly_Reviewed,Poorly_Reviewed
Critically_Acclaimed,Critically_Acclaimed
Critically_Acclaimed,Critically_Acclaimed
Critically_Acclaimed,Critically_Acclaimed
Critically_Acclaimed,Poorly_Reviewed
Critically_Acclaimed,Poorly_Reviewed
Critically_Acclaimed,Critically_Acclaimed
Poorly_Reviewed,Poorly_Reviewed
Poorly_Reviewed,Poorly_Reviewed
Critically_Acclaimed,Critically_Acclaimed
Critically_Acclaimed,Critically_Acclaimed
Poorly_Reviewed,Poorly_Reviewed
Poorly_Reviewed,Poorly_Reviewed
Poorly_Reviewed,Poorly_Reviewed
Critically_Acclaimed,Critically_Acclaimed
Poorly_Reviewed,Critically_Acclaimed
Critically_Acclaimed,Critically_Acclaimed
Critically_Acclaimed,Critically_Acclaimed
Critically_Acclaimed,Critically_Acclaimed
Poorly_Reviewed,Poorly_Reviewed
Critically_Acclaimed,Critically_Acclaimed
Critically_Acclaimed,Critically_Acclaimed
Poorly_Reviewed,Critically_Acclaimed
Poorly_Reviewed,Poorly_Reviewed
Critically_Acclaimed,Critically_Acclaimed
Poorly_Reviewed,Poorly_Reviewed
Poorly_Reviewed,Poorly_Reviewed
Poorly_Reviewed,Poorly_Reviewed
Critically_Acclaimed,Poorly_Reviewed
Poorly_Reviewed,Poorly_Reviewed
Poorly_Reviewed,Poorly_Reviewed
Poorly_Reviewed,Poorly_Reviewed
Poorly_Reviewed,Poorly_Reviewed
Poorly_Reviewed,Poorly_Reviewed
Poorly_Reviewed,Poorly_Reviewed
Poorly_Reviewed,Poorly_Reviewed
Poorly_Reviewed,Poorly_Reviewed
Poorly_Reviewed,Poorly_Reviewed
Critically_Acclaimed,Critically_Acclaimed
Critically_Acclaimed,Critically_Acclaimed
Poorly_Reviewed,Poorly_Reviewed
Poorly_Reviewed,Poorly_Reviewed
Critically_Acclaimed,Poorly_Reviewed
Critically_Acclaimed,Critically_Acclaimed
Critically_Acclaimed,Critically_Acclaimed
Poorly_Reviewed,Poorly_Reviewed
Poorly_Reviewed,Poorly_Reviewed
Critically_Acclaimed,Critically_Acclaimed
Poorly_Reviewed,Poorly_Reviewed
Poorly_Reviewed,Poorly_Reviewed
Poorly_Reviewed,Poorly_Reviewed
Critically_Acclaimed,Poorly_Reviewed
Critically_Acclaimed,Critically_Acclaimed
Critically_Acclaimed,Critically_Acclaimed
Critically_Acclaimed,Poorly_Reviewed
Critically_Acclaimed,Critically_Acclaimed
Critically_Acclaimed,Critically_Acclaimed
Poorly_Reviewed,Poorly_Reviewed
Poorly_Reviewed,Poorly_Reviewed
Critically_Acclaimed,Critically_Acclaimed
Poorly_Reviewed,Poorly_Reviewed
Critically_Acclaimed,Critically_Acclaimed
Poorly_Reviewed,Poorly_Reviewed
Poorly_Reviewed,Poorly_Reviewed
Poorly_Reviewed,Critically_Acclaimed
Poorly_Reviewed,Poorly_Reviewed
Poorly_Reviewed,Poorly_Reviewed
Poorly_Reviewed,Poorly_Reviewed
Poorly_Reviewed,Poorly_Reviewed
Critically_Acclaimed,Critically_Acclaimed
Poorly_Reviewed,Poorly_Reviewed
Critically_Acclaimed,Poorly_Reviewed
Poorly_Reviewed,Poorly_Reviewed
Critically_Acclaimed,Critically_Acclaimed
Poorly_Reviewed,Poorly_Reviewed
Poorly_Reviewed,Poorly_Reviewed
Critically_Acclaimed,Poorly_Reviewed
Critically_Acclaimed,Critically_Acclaimed
Critically_Acclaimed,Critically_Acclaimed
Poorly_Reviewed,Poorly_Reviewed
Poorly_Reviewed,Poorly_Reviewed
Poorly_Reviewed,Poorly_Reviewed
Poorly_Reviewed,Poorly_Reviewed
Critically_Acclaimed,Critically_Acclaimed
Poorly_Reviewed,Poorly_Reviewed
Poorly_Reviewed,Poorly_Reviewed
Critically_Acclaimed,Critically_Acclaimed
Critically_Acclaimed,Critically_Acclaimed
Poorly_Reviewed,Poorly_Reviewed
Poorly_Reviewed,Poorly_Reviewed
Poorly_Reviewed,Poorly_Reviewed
Poorly_Reviewed,Poorly_Reviewed
Poorly_Reviewed,Poorly_Reviewed
Poorly_Reviewed,Poorly_Reviewed
Poorly_Reviewed,Critically_Acclaimed
Poorly_Reviewed,Poorly_Reviewed
Poorly_Reviewed,Poorly_Reviewed
Critically_Acclaimed,Critically_Acclaimed
Critically_Acclaimed,Critically_Acclaimed
Critically_Acclaimed,Critically_Acclaimed
Poorly_Reviewed,Poorly_Reviewed
Poorly_Reviewed,Poorly_Reviewed
Poorly_Reviewed,Poorly_Reviewed
Poorly_Reviewed,Poorly_Reviewed
Poorly_Reviewed,Poorly_Reviewed
Poorly_Reviewed,Poorly_Reviewed
Poorly_Reviewed,Poorly_Reviewed
Poorly_Reviewed,Poorly_Reviewed
Critically_Acclaimed,Critically_Acclaimed
Poorly_Reviewed,Poorly_Reviewed
Poorly_Reviewed,Poorly_Reviewed
Poorly_Reviewed,Poorly_Reviewed
Poorly_Reviewed,Poorly_Reviewed
Critically_Acclaimed,Critically_Acclaimed
Poorly_Reviewed,Poorly_Reviewed
Poorly_Reviewed,Poorly_Reviewed
Poorly_Reviewed,Poorly_Reviewed
Poorly_Reviewed,Poorly_Reviewed
Critically_Acclaimed,Critically_Acclaimed
Poorly_Reviewed,Poorly_Reviewed
Poorly_Reviewed,Poorly_Reviewed
Poorly_Reviewed,Poorly_Reviewed
Poorly_Reviewed,Poorly_Reviewed
Poorly_Reviewed,Poorly_Reviewed
Poorly_Reviewed,Poorly_Reviewed
Poorly_Reviewed,Poorly_Reviewed
Poorly_Reviewed,Poorly_Reviewed
Critically_Acclaimed,Critically_Acclaimed
Critically_Acclaimed,Critically_Acclaimed
Poorly_Reviewed,Poorly_Reviewed
Poorly_Reviewed,Poorly_Reviewed
Poorly_Reviewed,Poorly_Reviewed
Poorly_Reviewed,Poorly_Reviewed
Poorly_Reviewed,Critically_Acclaimed
Poorly_Reviewed,Poorly_Reviewed
Poorly_Reviewed,Poorly_Reviewed
Poorly_Reviewed,Poorly_Reviewed
Poorly_Reviewed,Poorly_Reviewed
Poorly_Reviewed,Poorly_Reviewed
Poorly_Reviewed,Poorly_Reviewed
Poorly_Reviewed,Critically_Acclaimed
Critically_Acclaimed,Critically_Acclaimed
Critically_Acclaimed,Critically_Acclaimed
Poorly_Reviewed,Poorly_Reviewed
Poorly_Reviewed,Poorly_Reviewed
Poorly_Reviewed,Poorly_Reviewed
Poorly_Reviewed,Poorly_Reviewed
Poorly_Reviewed,Poorly_Reviewed
Poorly_Reviewed,Poorly_Reviewed
Poorly_Reviewed,Poorly_Reviewed
Poorly_Reviewed,Poorly_Reviewed
Critically_Acclaimed,Critically_Acclaimed
Poorly_Reviewed,Poorly_Reviewed
Poorly_Reviewed,Poorly_Reviewed
Poorly_Reviewed,Poorly_Reviewed
Poorly_Reviewed,Poorly_Reviewed
Poorly_Reviewed,Poorly_Reviewed
Poorly_Reviewed,Poorly_Reviewed
Poorly_Reviewed,Poorly_Reviewed
Poorly_Reviewed,Poorly_Reviewed
Poorly_Reviewed,Poorly_Reviewed
Poorly_Reviewed,Poorly_Reviewed
Poorly_Reviewed,Poorly_Reviewed
Poorly_Reviewed,Poorly_Reviewed
Critically_Acclaimed,Critically_Acclaimed
Poorly_Reviewed,Poorly_Reviewed
Poorly_Reviewed,Poorly_Reviewed
Critically_Acclaimed,Critically_Acclaimed
Poorly_Reviewed,Poorly_Reviewed
Poorly_Reviewed,Poorly_Reviewed
Critically_Acclaimed,Critically_Acclaimed
Poorly_Reviewed,Poorly_Reviewed
Poorly_Reviewed,Poorly_Reviewed
Poorly_Reviewed,Poorly_Reviewed
Poorly_Reviewed,Poorly_Reviewed
Poorly_Reviewed,Poorly_Reviewed
Poorly_Reviewed,Poorly_Reviewed
Critically_Acclaimed,Critically_Acclaimed
Poorly_Reviewed,Poorly_Reviewed
Critically_Acclaimed,Critically_Acclaimed
Poorly_Reviewed,Poorly_Reviewed
Poorly_Reviewed,Poorly_Reviewed
Poorly_Reviewed,Poorly_Reviewed
Poorly_Reviewed,Poorly_Reviewed
Poorly_Reviewed,Poorly_Reviewed
Poorly_Reviewed,Critically_Acclaimed
Critically_Acclaimed,Critically_Acclaimed
Poorly_Reviewed,Poorly_Reviewed
Poorly_Reviewed,Poorly_Reviewed
Critically_Acclaimed,Critically_Acclaimed
Poorly_Reviewed,Poorly_Reviewed
Poorly_Reviewed,Poorly_Reviewed
Critically_Acclaimed,Critically_Acclaimed
Critically_Acclaimed,Critically_Acclaimed
Critically_Acclaimed,Critically_Acclaimed
Poorly_Reviewed,Poorly_Reviewed
Poorly_Reviewed,Poorly_Reviewed
Critically_Acclaimed,Critically_Acclaimed
Poorly_Reviewed,Poorly_Reviewed
Poorly_Reviewed,Poorly_Reviewed
Critically_Acclaimed,Critically_Acclaimed
Poorly_Reviewed,Poorly_Reviewed
Critically_Acclaimed,Poorly_Reviewed
Critically_Acclaimed,Poorly_Reviewed
Critically_Acclaimed,Critically_Acclaimed
Poorly_Reviewed,Poorly_Reviewed
Poorly_Reviewed,Poorly_Reviewed
Poorly_Reviewed,Poorly_Reviewed
Poorly_Reviewed,Poorly_Reviewed
Poorly_Reviewed,Poorly_Reviewed
Poorly_Reviewed,Poorly_Reviewed
Poorly_Reviewed,Poorly_Reviewed
Poorly_Reviewed,Poorly_Reviewed
Poorly_Reviewed,Poorly_Reviewed
Poorly_Reviewed,Poorly_Reviewed
Critically_Acclaimed,Critically_Acclaimed
Critically_Acclaimed,Critically_Acclaimed
Poorly_Reviewed,Critically_Acclaimed
Poorly_Reviewed,Poorly_Reviewed
Poorly_Reviewed,Poorly_Reviewed
Poorly_Reviewed,Poorly_Reviewed
Poorly_Reviewed,Poorly_Reviewed
Critically_Acclaimed,Poorly_Reviewed
Poorly_Reviewed,Poorly_Reviewed
Poorly_Reviewed,Poorly_Reviewed
Poorly_Reviewed,Poorly_Reviewed
Poorly_Reviewed,Poorly_Reviewed
Poorly_Reviewed,Poorly_Reviewed
Poorly_Reviewed,Poorly_Reviewed
Poorly_Reviewed,Poorly_Reviewed
Poorly_Reviewed,Poorly_Reviewed
Poorly_Reviewed,Poorly_Reviewed
Poorly_Reviewed,Poorly_Reviewed
Poorly_Reviewed,Poorly_Reviewed
Critically_Acclaimed,Critically_Acclaimed
Poorly_Reviewed,Poorly_Reviewed
Poorly_Reviewed,Poorly_Reviewed
Critically_Acclaimed,Critically_Acclaimed
Critically_Acclaimed,Critically_Acclaimed
Poorly_Reviewed,Poorly_Reviewed
Critically_Acclaimed,Critically_Acclaimed
Poorly_Reviewed,Poorly_Reviewed
Critically_Acclaimed,Critically_Acclaimed
Critically_Acclaimed,Poorly_Reviewed
Poorly_Reviewed,Poorly_Reviewed
Poorly_Reviewed,Poorly_Reviewed
Poorly_Reviewed,Poorly_Reviewed
Critically_Acclaimed,Critically_Acclaimed
Critically_Acclaimed,Critically_Acclaimed
Poorly_Reviewed,Poorly_Reviewed
Poorly_Reviewed,Poorly_Reviewed
Poorly_Reviewed,Poorly_Reviewed
Poorly_Reviewed,Poorly_Reviewed
Poorly_Reviewed,Poorly_Reviewed
Poorly_Reviewed,Critically_Acclaimed
Poorly_Reviewed,Poorly_Reviewed
Poorly_Reviewed,Poorly_Reviewed
Poorly_Reviewed,Poorly_Reviewed
Poorly_Reviewed,Poorly_Reviewed
Poorly_Reviewed,Poorly_Reviewed
Poorly_Reviewed,Poorly_Reviewed
Critically_Acclaimed,Poorly_Reviewed
Poorly_Reviewed,Poorly_Reviewed
Critically_Acclaimed,Poorly_Reviewed
Poorly_Reviewed,Poorly_Reviewed
Poorly_Reviewed,Poorly_Reviewed
Critically_Acclaimed,Poorly_Reviewed
Poorly_Reviewed,Poorly_Reviewed
Poorly_Reviewed,Poorly_Reviewed
Poorly_Reviewed,Poorly_Reviewed
Poorly_Reviewed,Poorly_Reviewed
Poorly_Reviewed,Poorly_Reviewed
Critically_Acclaimed,Critically_Acclaimed
Poorly_Reviewed,Poorly_Reviewed
Critically_Acclaimed,Critically_Acclaimed
Poorly_Reviewed,Poorly_Reviewed
Poorly_Reviewed,Poorly_Reviewed
Critically_Acclaimed,Poorly_Reviewed
Poorly_Reviewed,Poorly_Reviewed
Poorly_Reviewed,Poorly_Reviewed
Poorly_Reviewed,Poorly_Reviewed
Poorly_Reviewed,Poorly_Reviewed
Critically_Acclaimed,Critically_Acclaimed
Poorly_Reviewed,Poorly_Reviewed
Critically_Acclaimed,Poorly_Reviewed
Poorly_Reviewed,Critically_Acclaimed
Poorly_Reviewed,Poorly_Reviewed
Critically_Acclaimed,Critically_Acclaimed
Poorly_Reviewed,Poorly_Reviewed
Critically_Acclaimed,Critically_Acclaimed
Critically_Acclaimed,Poorly_Reviewed
Critically_Acclaimed,Poorly_Reviewed
Critically_Acclaimed,Critically_Acclaimed
Poorly_Reviewed,Poorly_Reviewed
Critically_Acclaimed,Poorly_Reviewed
Critically_Acclaimed,Poorly_Reviewed
Poorly_Reviewed,Poorly_Reviewed
Poorly_Reviewed,Poorly_Reviewed
Critically_Acclaimed,Critically_Acclaimed
Critically_Acclaimed,Critically_Acclaimed
Critically_Acclaimed,Critically_Acclaimed
Poorly_Reviewed,Poorly_Reviewed
Poorly_Reviewed,Poorly_Reviewed
Poorly_Reviewed,Poorly_Reviewed
Poorly_Reviewed,Poorly_Reviewed
Poorly_Reviewed,Poorly_Reviewed
Critically_Acclaimed,Poorly_Reviewed
Poorly_Reviewed,Poorly_Reviewed
Poorly_Reviewed,Poorly_Reviewed
Poorly_Reviewed,Poorly_Reviewed
Poorly_Reviewed,Poorly_Reviewed
Poorly_Reviewed,Poorly_Reviewed
Poorly_Reviewed,Poorly_Reviewed
Poorly_Reviewed,Poorly_Reviewed
Critically_Acclaimed,Poorly_Reviewed
Poorly_Reviewed,Poorly_Reviewed
Poorly_Reviewed,Poorly_Reviewed
Critically_Acclaimed,Critically_Acclaimed
Critically_Acclaimed,Critically_Acclaimed
Critically_Acclaimed,Critically_Acclaimed
Poorly_Reviewed,Poorly_Reviewed
Poorly_Reviewed,Poorly_Reviewed
Poorly_Reviewed,Poorly_Reviewed
Poorly_Reviewed,Poorly_Reviewed
Poorly_Reviewed,Poorly_Reviewed
Critically_Acclaimed,Critically_Acclaimed
Poorly_Reviewed,Poorly_Reviewed
Poorly_Reviewed,Poorly_Reviewed
Poorly_Reviewed,Poorly_Reviewed
Poorly_Reviewed,Poorly_Reviewed
Poorly_Reviewed,Poorly_Reviewed
Poorly_Reviewed,Poorly_Reviewed
Poorly_Reviewed,Poorly_Reviewed
Critically_Acclaimed,Critically_Acclaimed
Critically_Acclaimed,Poorly_Reviewed
Poorly_Reviewed,Poorly_Reviewed
Critically_Acclaimed,Critically_Acclaimed
Poorly_Reviewed,Poorly_Reviewed
Poorly_Reviewed,Poorly_Reviewed
Poorly_Reviewed,Poorly_Reviewed
Poorly_Reviewed,Poorly_Reviewed
Poorly_Reviewed,Poorly_Reviewed
Poorly_Reviewed,Poorly_Reviewed
Poorly_Reviewed,Critically_Acclaimed
Poorly_Reviewed,Poorly_Reviewed
Critically_Acclaimed,Critically_Acclaimed
Critically_Acclaimed,Critically_Acclaimed
Poorly_Reviewed,Poorly_Reviewed
Poorly_Reviewed,Critically_Acclaimed
Critically_Acclaimed,Critically_Acclaimed
Poorly_Reviewed,Poorly_Reviewed
Poorly_Reviewed,Poorly_Reviewed
Poorly_Reviewed,Poorly_Reviewed
Poorly_Reviewed,Poorly_Reviewed
Poorly_Reviewed,Poorly_Reviewed
Poorly_Reviewed,Poorly_Reviewed
Poorly_Reviewed,Poorly_Reviewed
Critically_Acclaimed,Critically_Acclaimed
Poorly_Reviewed,Poorly_Reviewed
Poorly_Reviewed,Poorly_Reviewed
Poorly_Reviewed,Poorly_Reviewed
Poorly_Reviewed,Poorly_Reviewed
Critically_Acclaimed,Critically_Acclaimed
Poorly_Reviewed,Poorly_Reviewed
Poorly_Reviewed,Poorly_Reviewed
Poorly_Reviewed,Poorly_Reviewed
Critically_Acclaimed,Critically_Acclaimed
Poorly_Reviewed,Poorly_Reviewed
Critically_Acclaimed,Poorly_Reviewed
Poorly_Reviewed,Poorly_Reviewed
Poorly_Reviewed,Poorly_Reviewed
Poorly_Reviewed,Poorly_Reviewed
Poorly_Reviewed,Poorly_Reviewed
Poorly_Reviewed,Poorly_Reviewed
Critically_Acclaimed,Critically_Acclaimed
Poorly_Reviewed,Poorly_Reviewed
Poorly_Reviewed,Poorly_Reviewed
Poorly_Reviewed,Poorly_Reviewed
Poorly_Reviewed,Poorly_Reviewed
Poorly_Reviewed,Poorly_Reviewed
Poorly_Reviewed,Poorly_Reviewed
Poorly_Reviewed,Poorly_Reviewed
Poorly_Reviewed,Poorly_Reviewed
Poorly_Reviewed,Poorly_Reviewed
Critically_Acclaimed,Critically_Acclaimed
Critically_Acclaimed,Critically_Acclaimed
Poorly_Reviewed,Poorly_Reviewed
Critically_Acclaimed,Critically_Acclaimed
Poorly_Reviewed,Poorly_Reviewed
Critically_Acclaimed,Poorly_Reviewed
Poorly_Reviewed,Poorly_Reviewed
Critically_Acclaimed,Critically_Acclaimed
Poorly_Reviewed,Critically_Acclaimed
Poorly_Reviewed,Poorly_Reviewed
Poorly_Reviewed,Poorly_Reviewed
Poorly_Reviewed,Poorly_Reviewed
Poorly_Reviewed,Critically_Acclaimed
Critically_Acclaimed,Critically_Acclaimed
Poorly_Reviewed,Poorly_Reviewed
Poorly_Reviewed,Poorly_Reviewed
Critically_Acclaimed,Critically_Acclaimed
Poorly_Reviewed,Poorly_Reviewed
Poorly_Reviewed,Poorly_Reviewed
Poorly_Reviewed,Poorly_Reviewed
Poorly_Reviewed,Poorly_Reviewed
Poorly_Reviewed,Poorly_Reviewed
Poorly_Reviewed,Poorly_Reviewed
Critically_Acclaimed,Critically_Acclaimed
Critically_Acclaimed,Poorly_Reviewed
Poorly_Reviewed,Poorly_Reviewed
Poorly_Reviewed,Poorly_Reviewed
Poorly_Reviewed,Poorly_Reviewed
Poorly_Reviewed,Poorly_Reviewed
Poorly_Reviewed,Poorly_Reviewed
Poorly_Reviewed,Poorly_Reviewed
Poorly_Reviewed,Poorly_Reviewed
Poorly_Reviewed,Poorly_Reviewed
Critically_Acclaimed,Critically_Acclaimed
Critically_Acclaimed,Poorly_Reviewed
Critically_Acclaimed,Critically_Acclaimed
Critically_Acclaimed,Critically_Acclaimed
Poorly_Reviewed,Poorly_Reviewed
Critically_Acclaimed,Poorly_Reviewed
Poorly_Reviewed,Poorly_Reviewed
Poorly_Reviewed,Poorly_Reviewed
Poorly_Reviewed,Poorly_Reviewed
Poorly_Reviewed,Poorly_Reviewed
Poorly_Reviewed,Poorly_Reviewed
Critically_Acclaimed,Poorly_Reviewed
Poorly_Reviewed,Poorly_Reviewed
Poorly_Reviewed,Poorly_Reviewed
Poorly_Reviewed,Poorly_Reviewed
Poorly_Reviewed,Poorly_Reviewed
Critically_Acclaimed,Critically_Acclaimed
Poorly_Reviewed,Poorly_Reviewed
Critically_Acclaimed,Critically_Acclaimed
Critically_Acclaimed,Critically_Acclaimed
Critically_Acclaimed,Critically_Acclaimed
Poorly_Reviewed,Poorly_Reviewed
Poorly_Reviewed,Poorly_Reviewed
Critically_Acclaimed,Critically_Acclaimed
Poorly_Reviewed,Poorly_Reviewed
Poorly_Reviewed,Poorly_Reviewed
Poorly_Reviewed,Poorly_Reviewed
Poorly_Reviewed,Critically_Acclaimed
Poorly_Reviewed,Poorly_Reviewed
Poorly_Reviewed,Poorly_Reviewed
Poorly_Reviewed,Poorly_Reviewed
Poorly_Reviewed,Poorly_Reviewed
Critically_Acclaimed,Critically_Acclaimed
Critically_Acclaimed,Poorly_Reviewed
Poorly_Reviewed,Poorly_Reviewed
Poorly_Reviewed,Poorly_Reviewed
Critically_Acclaimed,Poorly_Reviewed
Critically_Acclaimed,Poorly_Reviewed
Poorly_Reviewed,Poorly_Reviewed
Critically_Acclaimed,Critically_Acclaimed
Poorly_Reviewed,Poorly_Reviewed
Poorly_Reviewed,Poorly_Reviewed
Poorly_Reviewed,Poorly_Reviewed
Poorly_Reviewed,Poorly_Reviewed
Poorly_Reviewed,Poorly_Reviewed
Poorly_Reviewed,Poorly_Reviewed
Poorly_Reviewed,Poorly_Reviewed
Poorly_Reviewed,Poorly_Reviewed
Poorly_Reviewed,Poorly_Reviewed
Poorly_Reviewed,Poorly_Reviewed
Poorly_Reviewed,Poorly_Reviewed
Critically_Acclaimed,Poorly_Reviewed
Critically_Acclaimed,Poorly_Reviewed
Poorly_Reviewed,Poorly_Reviewed
Poorly_Reviewed,Poorly_Reviewed
Poorly_Reviewed,Poorly_Reviewed
Critically_Acclaimed,Critically_Acclaimed
Critically_Acclaimed,Critically_Acclaimed
Poorly_Reviewed,Critically_Acclaimed
Poorly_Reviewed,Poorly_Reviewed
Poorly_Reviewed,Poorly_Reviewed
Poorly_Reviewed,Poorly_Reviewed
Poorly_Reviewed,Poorly_Reviewed
Critically_Acclaimed,Critically_Acclaimed
Poorly_Reviewed,Poorly_Reviewed
Poorly_Reviewed,Poorly_Reviewed
Poorly_Reviewed,Poorly_Reviewed
Critically_Acclaimed,Poorly_Reviewed
Poorly_Reviewed,Poorly_Reviewed
Poorly_Reviewed,Poorly_Reviewed
Poorly_Reviewed,Poorly_Reviewed
Poorly_Reviewed,Poorly_Reviewed
Critically_Acclaimed,Critically_Acclaimed
Critically_Acclaimed,Critically_Acclaimed
Poorly_Reviewed,Poorly_Reviewed
Poorly_Reviewed,Poorly_Reviewed
Poorly_Reviewed,Poorly_Reviewed
Poorly_Reviewed,Poorly_Reviewed
Critically_Acclaimed,Critically_Acclaimed
Critically_Acclaimed,Critically_Acclaimed
Critically_Acclaimed,Critically_Acclaimed
Poorly_Reviewed,Poorly_Reviewed
Critically_Acclaimed,Critically_Acclaimed
Poorly_Reviewed,Poorly_Reviewed
Poorly_Reviewed,Poorly_Reviewed
Poorly_Reviewed,Poorly_Reviewed
Poorly_Reviewed,Poorly_Reviewed
Critically_Acclaimed,Critically_Acclaimed
Critically_Acclaimed,Critically_Acclaimed
Poorly_Reviewed,Poorly_Reviewed
Poorly_Reviewed,Poorly_Reviewed
Poorly_Reviewed,Poorly_Reviewed
Poorly_Reviewed,Poorly_Reviewed
Critically_Acclaimed,Critically_Acclaimed
Poorly_Reviewed,Poorly_Reviewed
Critically_Acclaimed,Critically_Acclaimed
Poorly_Reviewed,Poorly_Reviewed
Critically_Acclaimed,Critically_Acclaimed
Poorly_Reviewed,Poorly_Reviewed
Poorly_Reviewed,Poorly_Reviewed
Poorly_Reviewed,Critically_Acclaimed
Critically_Acclaimed,Critically_Acclaimed
Poorly_Reviewed,Critically_Acclaimed
Poorly_Reviewed,Poorly_Reviewed
Poorly_Reviewed,Poorly_Reviewed
Poorly_Reviewed,Critically_Acclaimed
Poorly_Reviewed,Poorly_Reviewed
Poorly_Reviewed,Critically_Acclaimed
Poorly_Reviewed,Poorly_Reviewed
Poorly_Reviewed,Poorly_Reviewed
Poorly_Reviewed,Poorly_Reviewed
Poorly_Reviewed,Poorly_Reviewed
Critically_Acclaimed,Critically_Acclaimed
Poorly_Reviewed,Poorly_Reviewed
Poorly_Reviewed,Poorly_Reviewed
Poorly_Reviewed,Poorly_Reviewed
Critically_Acclaimed,Critically_Acclaimed
Critically_Acclaimed,Critically_Acclaimed
Critically_Acclaimed,Critically_Acclaimed
Poorly_Reviewed,Poorly_Reviewed
Poorly_Reviewed,Poorly_Reviewed
Poorly_Reviewed,Poorly_Reviewed
Poorly_Reviewed,Poorly_Reviewed
Poorly_Reviewed,Poorly_Reviewed
Poorly_Reviewed,Critically_Acclaimed
Poorly_Reviewed,Critically_Acclaimed
Poorly_Reviewed,Poorly_Reviewed
Poorly_Reviewed,Poorly_Reviewed
Poorly_Reviewed,Poorly_Reviewed
Poorly_Reviewed,Critically_Acclaimed
Critically_Acclaimed,Critically_Acclaimed
Poorly_Reviewed,Poorly_Reviewed
Poorly_Reviewed,Poorly_Reviewed
Poorly_Reviewed,Poorly_Reviewed
Poorly_Reviewed,Poorly_Reviewed
Critically_Acclaimed,Poorly_Reviewed
Poorly_Reviewed,Poorly_Reviewed
Poorly_Reviewed,Poorly_Reviewed
Poorly_Reviewed,Poorly_Reviewed
Critically_Acclaimed,Critically_Acclaimed
Poorly_Reviewed,Poorly_Reviewed
Poorly_Reviewed,Poorly_Reviewed
Poorly_Reviewed,Poorly_Reviewed
Poorly_Reviewed,Poorly_Reviewed
Poorly_Reviewed,Poorly_Reviewed
Critically_Acclaimed,Poorly_Reviewed
Poorly_Reviewed,Poorly_Reviewed
Poorly_Reviewed,Poorly_Reviewed
Poorly_Reviewed,Critically_Acclaimed
Poorly_Reviewed,Poorly_Reviewed
Poorly_Reviewed,Poorly_Reviewed
Poorly_Reviewed,Poorly_Reviewed
Poorly_Reviewed,Poorly_Reviewed
Poorly_Reviewed,Poorly_Reviewed
Poorly_Reviewed,Poorly_Reviewed
Poorly_Reviewed,Poorly_Reviewed
Poorly_Reviewed,Poorly_Reviewed
Poorly_Reviewed,Critically_Acclaimed
Poorly_Reviewed,Poorly_Reviewed
Poorly_Reviewed,Poorly_Reviewed
Poorly_Reviewed,Poorly_Reviewed
Poorly_Reviewed,Poorly_Reviewed
Poorly_Reviewed,Poorly_Reviewed
Critically_Acclaimed,Critically_Acclaimed
Poorly_Reviewed,Poorly_Reviewed
Critically_Acclaimed,Critically_Acclaimed
Poorly_Reviewed,Poorly_Reviewed
Poorly_Reviewed,Poorly_Reviewed
Poorly_Reviewed,Poorly_Reviewed
Poorly_Reviewed,Poorly_Reviewed
Poorly_Reviewed,Poorly_Reviewed
Poorly_Reviewed,Poorly_Reviewed
Critically_Acclaimed,Critically_Acclaimed
Poorly_Reviewed,Critically_Acclaimed
Critically_Acclaimed,Critically_Acclaimed
Poorly_Reviewed,Poorly_Reviewed
Poorly_Reviewed,Poorly_Reviewed
Poorly_Reviewed,Poorly_Reviewed
Poorly_Reviewed,Poorly_Reviewed
Poorly_Reviewed,Poorly_Reviewed
Poorly_Reviewed,Poorly_Reviewed
Poorly_Reviewed,Poorly_Reviewed
Poorly_Reviewed,Poorly_Reviewed
Poorly_Reviewed,Poorly_Reviewed
Poorly_Reviewed,Poorly_Reviewed
Poorly_Reviewed,Poorly_Reviewed
Poorly_Reviewed,Poorly_Reviewed
Critically_Acclaimed,Poorly_Reviewed
Poorly_Reviewed,Poorly_Reviewed
Poorly_Reviewed,Poorly_Reviewed
Critically_Acclaimed,Poorly_Reviewed
Poorly_Reviewed,Poorly_Reviewed
Poorly_Reviewed,Poorly_Reviewed
Poorly_Reviewed,Poorly_Reviewed
Poorly_Reviewed,Poorly_Reviewed
Critically_Acclaimed,Critically_Acclaimed
Poorly_Reviewed,Poorly_Reviewed
Poorly_Reviewed,Poorly_Reviewed
Poorly_Reviewed,Poorly_Reviewed
Poorly_Reviewed,Poorly_Reviewed
Poorly_Reviewed,Poorly_Reviewed
Poorly_Reviewed,Poorly_Reviewed
Critically_Acclaimed,Poorly_Reviewed
Critically_Acclaimed,Critically_Acclaimed
Poorly_Reviewed,Poorly_Reviewed
Poorly_Reviewed,Poorly_Reviewed
Poorly_Reviewed,Poorly_Reviewed
Poorly_Reviewed,Poorly_Reviewed
Poorly_Reviewed,Poorly_Reviewed
Poorly_Reviewed,Poorly_Reviewed
Poorly_Reviewed,Poorly_Reviewed
Poorly_Reviewed,Poorly_Reviewed
Poorly_Reviewed,Poorly_Reviewed
Poorly_Reviewed,Poorly_Reviewed
Poorly_Reviewed,Poorly_Reviewed
Poorly_Reviewed,Poorly_Reviewed
Poorly_Reviewed,Poorly_Reviewed
Poorly_Reviewed,Poorly_Reviewed
Critically_Acclaimed,Critically_Acclaimed
Poorly_Reviewed,Poorly_Reviewed
Critically_Acclaimed,Critically_Acclaimed
Critically_Acclaimed,Critically_Acclaimed
Poorly_Reviewed,Critically_Acclaimed
Poorly_Reviewed,Critically_Acclaimed
Poorly_Reviewed,Poorly_Reviewed
Poorly_Reviewed,Poorly_Reviewed
Critically_Acclaimed,Poorly_Reviewed
Poorly_Reviewed,Poorly_Reviewed
Critically_Acclaimed,Critically_Acclaimed
Critically_Acclaimed,Poorly_Reviewed
Critically_Acclaimed,Critically_Acclaimed
Poorly_Reviewed,Poorly_Reviewed
Critically_Acclaimed,Critically_Acclaimed
Poorly_Reviewed,Poorly_Reviewed
Critically_Acclaimed,Critically_Acclaimed
Critically_Acclaimed,Poorly_Reviewed
Poorly_Reviewed,Poorly_Reviewed
Poorly_Reviewed,Poorly_Reviewed
Critically_Acclaimed,Critically_Acclaimed
Poorly_Reviewed,Poorly_Reviewed
Poorly_Reviewed,Poorly_Reviewed
Poorly_Reviewed,Poorly_Reviewed
Poorly_Reviewed,Poorly_Reviewed
Critically_Acclaimed,Critically_Acclaimed
Poorly_Reviewed,Poorly_Reviewed
Critically_Acclaimed,Critically_Acclaimed
Poorly_Reviewed,Poorly_Reviewed
Poorly_Reviewed,Poorly_Reviewed
Poorly_Reviewed,Poorly_Reviewed
Poorly_Reviewed,Poorly_Reviewed
Poorly_Reviewed,Poorly_Reviewed
Poorly_Reviewed,Poorly_Reviewed
Poorly_Reviewed,Poorly_Reviewed
Poorly_Reviewed,Poorly_Reviewed
Poorly_Reviewed,Poorly_Reviewed
Poorly_Reviewed,Poorly_Reviewed
Poorly_Reviewed,Poorly_Reviewed
Critically_Acclaimed,Critically_Acclaimed
Poorly_Reviewed,Poorly_Reviewed
Poorly_Reviewed,Poorly_Reviewed
Poorly_Reviewed,Poorly_Reviewed
Critically_Acclaimed,Poorly_Reviewed
Critically_Acclaimed,Critically_Acclaimed
Poorly_Reviewed,Poorly_Reviewed
Critically_Acclaimed,Critically_Acclaimed
Poorly_Reviewed,Poorly_Reviewed
Poorly_Reviewed,Critically_Acclaimed
Poorly_Reviewed,Poorly_Reviewed
Poorly_Reviewed,Poorly_Reviewed
Poorly_Reviewed,Poorly_Reviewed
Poorly_Reviewed,Poorly_Reviewed
Poorly_Reviewed,Poorly_Reviewed
Poorly_Reviewed,Poorly_Reviewed
Poorly_Reviewed,Poorly_Reviewed
Poorly_Reviewed,Poorly_Reviewed
Poorly_Reviewed,Poorly_Reviewed
Poorly_Reviewed,Poorly_Reviewed
Critically_Acclaimed,Poorly_Reviewed
Poorly_Reviewed,Poorly_Reviewed
Poorly_Reviewed,Poorly_Reviewed
Poorly_Reviewed,Poorly_Reviewed
Poorly_Reviewed,Poorly_Reviewed
Poorly_Reviewed,Poorly_Reviewed
Critically_Acclaimed,Critically_Acclaimed
Poorly_Reviewed,Poorly_Reviewed
Critically_Acclaimed,Critically_Acclaimed
Critically_Acclaimed,Poorly_Reviewed
Poorly_Reviewed,Critically_Acclaimed
Poorly_Reviewed,Poorly_Reviewed
Critically_Acclaimed,Critically_Acclaimed
Poorly_Reviewed,Poorly_Reviewed
Poorly_Reviewed,Poorly_Reviewed
Critically_Acclaimed,Critically_Acclaimed
Poorly_Reviewed,Critically_Acclaimed
Critically_Acclaimed,Poorly_Reviewed
Critically_Acclaimed,Critically_Acclaimed
Critically_Acclaimed,Critically_Acclaimed
Poorly_Reviewed,Poorly_Reviewed
Poorly_Reviewed,Poorly_Reviewed
Poorly_Reviewed,Poorly_Reviewed
Critically_Acclaimed,Critically_Acclaimed
Critically_Acclaimed,Critically_Acclaimed
Poorly_Reviewed,Poorly_Reviewed
Poorly_Reviewed,Poorly_Reviewed
Poorly_Reviewed,Poorly_Reviewed
Poorly_Reviewed,Poorly_Reviewed
Critically_Acclaimed,Critically_Acclaimed
Poorly_Reviewed,Poorly_Reviewed
Critically_Acclaimed,Critically_Acclaimed
Poorly_Reviewed,Poorly_Reviewed
Poorly_Reviewed,Poorly_Reviewed
Poorly_Reviewed,Poorly_Reviewed
Critically_Acclaimed,Poorly_Reviewed
Poorly_Reviewed,Poorly_Reviewed
Poorly_Reviewed,Poorly_Reviewed
Poorly_Reviewed,Poorly_Reviewed
Poorly_Reviewed,Poorly_Reviewed
Critically_Acclaimed,Poorly_Reviewed
Poorly_Reviewed,Poorly_Reviewed
Poorly_Reviewed,Poorly_Reviewed
Poorly_Reviewed,Poorly_Reviewed
Poorly_Reviewed,Poorly_Reviewed
Critically_Acclaimed,Critically_Acclaimed
Poorly_Reviewed,Poorly_Reviewed
Poorly_Reviewed,Poorly_Reviewed
Poorly_Reviewed,Poorly_Reviewed
Poorly_Reviewed,Poorly_Reviewed
Critically_Acclaimed,Critically_Acclaimed
Poorly_Reviewed,Poorly_Reviewed
Poorly_Reviewed,Poorly_Reviewed
Poorly_Reviewed,Poorly_Reviewed
Poorly_Reviewed,Poorly_Reviewed
Critically_Acclaimed,Critically_Acclaimed
Poorly_Reviewed,Critically_Acclaimed
Critically_Acclaimed,Critically_Acclaimed
Poorly_Reviewed,Poorly_Reviewed
Poorly_Reviewed,Poorly_Reviewed
Poorly_Reviewed,Poorly_Reviewed
Critically_Acclaimed,Critically_Acclaimed
Poorly_Reviewed,Poorly_Reviewed
Critically_Acclaimed,Critically_Acclaimed
Critically_Acclaimed,Critically_Acclaimed
Poorly_Reviewed,Poorly_Reviewed
Poorly_Reviewed,Poorly_Reviewed
Poorly_Reviewed,Poorly_Reviewed
Poorly_Reviewed,Poorly_Reviewed
Poorly_Reviewed,Poorly_Reviewed
Poorly_Reviewed,Poorly_Reviewed
Poorly_Reviewed,Poorly_Reviewed
Poorly_Reviewed,Poorly_Reviewed
Poorly_Reviewed,Poorly_Reviewed
Poorly_Reviewed,Critically_Acclaimed
Critically_Acclaimed,Poorly_Reviewed
Critically_Acclaimed,Critically_Acclaimed
Poorly_Reviewed,Poorly_Reviewed
Critically_Acclaimed,Critically_Acclaimed
Poorly_Reviewed,Poorly_Reviewed
Poorly_Reviewed,Poorly_Reviewed
Poorly_Reviewed,Poorly_Reviewed
Poorly_Reviewed,Poorly_Reviewed
Poorly_Reviewed,Critically_Acclaimed
Poorly_Reviewed,Poorly_Reviewed
Poorly_Reviewed,Poorly_Reviewed
Critically_Acclaimed,Poorly_Reviewed
Critically_Acclaimed,Poorly_Reviewed
Poorly_Reviewed,Critically_Acclaimed
Poorly_Reviewed,Poorly_Reviewed
Poorly_Reviewed,Poorly_Reviewed
Poorly_Reviewed,Poorly_Reviewed
Critically_Acclaimed,Poorly_Reviewed
Critically_Acclaimed,Critically_Acclaimed
Poorly_Reviewed,Critically_Acclaimed
Critically_Acclaimed,Critically_Acclaimed
Poorly_Reviewed,Poorly_Reviewed
Poorly_Reviewed,Poorly_Reviewed
Critically_Acclaimed,Poorly_Reviewed
Critically_Acclaimed,Critically_Acclaimed
Poorly_Reviewed,Poorly_Reviewed
Poorly_Reviewed,Poorly_Reviewed
Poorly_Reviewed,Critically_Acclaimed
Poorly_Reviewed,Poorly_Reviewed
Poorly_Reviewed,Poorly_Reviewed
Poorly_Reviewed,Poorly_Reviewed
Critically_Acclaimed,Critically_Acclaimed
Critically_Acclaimed,Critically_Acclaimed
Poorly_Reviewed,Poorly_Reviewed
Critically_Acclaimed,Critically_Acclaimed
Poorly_Reviewed,Poorly_Reviewed
Poorly_Reviewed,Poorly_Reviewed
Poorly_Reviewed,Poorly_Reviewed
Poorly_Reviewed,Poorly_Reviewed
Poorly_Reviewed,Poorly_Reviewed
Poorly_Reviewed,Poorly_Reviewed
Critically_Acclaimed,Critically_Acclaimed
Critically_Acclaimed,Poorly_Reviewed
Poorly_Reviewed,Poorly_Reviewed
Poorly_Reviewed,Poorly_Reviewed
Poorly_Reviewed,Poorly_Reviewed
Poorly_Reviewed,Poorly_Reviewed
Poorly_Reviewed,Poorly_Reviewed
Critically_Acclaimed,Critically_Acclaimed
Poorly_Reviewed,Poorly_Reviewed
Critically_Acclaimed,Poorly_Reviewed
Poorly_Reviewed,Poorly_Reviewed
Poorly_Reviewed,Poorly_Reviewed
Critically_Acclaimed,Critically_Acclaimed
Poorly_Reviewed,Poorly_Reviewed
Poorly_Reviewed,Poorly_Reviewed
Critically_Acclaimed,Critically_Acclaimed
Poorly_Reviewed,Poorly_Reviewed
Critically_Acclaimed,Critically_Acclaimed
Critically_Acclaimed,Critically_Acclaimed
Poorly_Reviewed,Poorly_Reviewed
Poorly_Reviewed,Poorly_Reviewed
Poorly_Reviewed,Poorly_Reviewed
Critically_Acclaimed,Poorly_Reviewed
Poorly_Reviewed,Poorly_Reviewed
Poorly_Reviewed,Poorly_Reviewed
Critically_Acclaimed,Critically_Acclaimed
Poorly_Reviewed,Poorly_Reviewed
Poorly_Reviewed,Poorly_Reviewed
Poorly_Reviewed,Poorly_Reviewed
Poorly_Reviewed,Poorly_Reviewed
Poorly_Reviewed,Poorly_Reviewed
Poorly_Reviewed,Poorly_Reviewed
Poorly_Reviewed,Poorly_Reviewed
Critically_Acclaimed,Critically_Acclaimed
Poorly_Reviewed,Poorly_Reviewed
Poorly_Reviewed,Poorly_Reviewed
Poorly_Reviewed,Poorly_Reviewed
Critically_Acclaimed,Critically_Acclaimed
Poorly_Reviewed,Poorly_Reviewed
Poorly_Reviewed,Poorly_Reviewed
Critically_Acclaimed,Critically_Acclaimed
Poorly_Reviewed,Poorly_Reviewed
Critically_Acclaimed,Critically_Acclaimed
Poorly_Reviewed,Poorly_Reviewed
Critically_Acclaimed,Critically_Acclaimed
Critically_Acclaimed,Critically_Acclaimed
Poorly_Reviewed,Poorly_Reviewed
Poorly_Reviewed,Poorly_Reviewed
Poorly_Reviewed,Poorly_Reviewed
Poorly_Reviewed,Poorly_Reviewed
Poorly_Reviewed,Critically_Acclaimed
Poorly_Reviewed,Poorly_Reviewed
Poorly_Reviewed,Poorly_Reviewed
Critically_Acclaimed,Critically_Acclaimed
Poorly_Reviewed,Poorly_Reviewed
Critically_Acclaimed,Critically_Acclaimed
Poorly_Reviewed,Poorly_Reviewed
Critically_Acclaimed,Poorly_Reviewed
Poorly_Reviewed,Poorly_Reviewed
Poorly_Reviewed,Poorly_Reviewed
Poorly_Reviewed,Critically_Acclaimed
Critically_Acclaimed,Critically_Acclaimed
Poorly_Reviewed,Poorly_Reviewed
Poorly_Reviewed,Poorly_Reviewed
Poorly_Reviewed,Poorly_Reviewed
Critically_Acclaimed,Critically_Acclaimed
Poorly_Reviewed,Poorly_Reviewed
Poorly_Reviewed,Poorly_Reviewed
Poorly_Reviewed,Critically_Acclaimed
Poorly_Reviewed,Poorly_Reviewed
Poorly_Reviewed,Poorly_Reviewed
Critically_Acclaimed,Critically_Acclaimed
Critically_Acclaimed,Poorly_Reviewed
Poorly_Reviewed,Poorly_Reviewed
Poorly_Reviewed,Poorly_Reviewed
Critically_Acclaimed,Poorly_Reviewed
Poorly_Reviewed,Poorly_Reviewed
Poorly_Reviewed,Poorly_Reviewed
Poorly_Reviewed,Critically_Acclaimed
Poorly_Reviewed,Poorly_Reviewed
Poorly_Reviewed,Poorly_Reviewed
Poorly_Reviewed,Poorly_Reviewed
Poorly_Reviewed,Poorly_Reviewed
Poorly_Reviewed,Poorly_Reviewed
Poorly_Reviewed,Poorly_Reviewed
Critically_Acclaimed,Critically_Acclaimed
Critically_Acclaimed,Poorly_Reviewed
Poorly_Reviewed,Poorly_Reviewed
Poorly_Reviewed,Poorly_Reviewed
Critically_Acclaimed,Poorly_Reviewed
Poorly_Reviewed,Poorly_Reviewed
Poorly_Reviewed,Poorly_Reviewed
Poorly_Reviewed,Poorly_Reviewed
Poorly_Reviewed,Poorly_Reviewed
Critically_Acclaimed,Critically_Acclaimed
Poorly_Reviewed,Poorly_Reviewed
Critically_Acclaimed,Critically_Acclaimed
Poorly_Reviewed,Poorly_Reviewed
Poorly_Reviewed,Poorly_Reviewed
Poorly_Reviewed,Poorly_Reviewed
Critically_Acclaimed,Critically_Acclaimed
Poorly_Reviewed,Poorly_Reviewed
Poorly_Reviewed,Poorly_Reviewed
Poorly_Reviewed,Poorly_Reviewed
Poorly_Reviewed,Poorly_Reviewed
Critically_Acclaimed,Critically_Acclaimed
Poorly_Reviewed,Poorly_Reviewed
Poorly_Reviewed,Poorly_Reviewed
Poorly_Reviewed,Poorly_Reviewed
Poorly_Reviewed,Critically_Acclaimed
Critically_Acclaimed,Critically_Acclaimed
Critically_Acclaimed,Critically_Acclaimed
Poorly_Reviewed,Poorly_Reviewed
Critically_Acclaimed,Critically_Acclaimed
Poorly_Reviewed,Poorly_Reviewed
Poorly_Reviewed,Poorly_Reviewed
Poorly_Reviewed,Poorly_Reviewed
Poorly_Reviewed,Poorly_Reviewed
Poorly_Reviewed,Poorly_Reviewed
Critically_Acclaimed,Critically_Acclaimed
Critically_Acclaimed,Critically_Acclaimed
Poorly_Reviewed,Poorly_Reviewed
Poorly_Reviewed,Poorly_Reviewed
Poorly_Reviewed,Poorly_Reviewed
Critically_Acclaimed,Critically_Acclaimed
Poorly_Reviewed,Critically_Acclaimed
Poorly_Reviewed,Poorly_Reviewed
Critically_Acclaimed,Critically_Acclaimed
Critically_Acclaimed,Critically_Acclaimed
Poorly_Reviewed,Poorly_Reviewed
Poorly_Reviewed,Poorly_Reviewed
Poorly_Reviewed,Poorly_Reviewed
Poorly_Reviewed,Critically_Acclaimed
Poorly_Reviewed,Poorly_Reviewed
Poorly_Reviewed,Poorly_Reviewed
Poorly_Reviewed,Poorly_Reviewed
Poorly_Reviewed,Poorly_Reviewed
Poorly_Reviewed,Critically_Acclaimed
Critically_Acclaimed,Poorly_Reviewed
Poorly_Reviewed,Poorly_Reviewed
Critically_Acclaimed,Critically_Acclaimed
Poorly_Reviewed,Poorly_Reviewed
Poorly_Reviewed,Poorly_Reviewed
Poorly_Reviewed,Poorly_Reviewed
Poorly_Reviewed,Poorly_Reviewed
Poorly_Reviewed,Poorly_Reviewed
Poorly_Reviewed,Poorly_Reviewed
Poorly_Reviewed,Critically_Acclaimed
Poorly_Reviewed,Poorly_Reviewed
Poorly_Reviewed,Poorly_Reviewed
Poorly_Reviewed,Critically_Acclaimed
Poorly_Reviewed,Poorly_Reviewed
Poorly_Reviewed,Poorly_Reviewed
Poorly_Reviewed,Poorly_Reviewed
Critically_Acclaimed,Critically_Acclaimed
Poorly_Reviewed,Poorly_Reviewed
Poorly_Reviewed,Poorly_Reviewed
Poorly_Reviewed,Poorly_Reviewed
Poorly_Reviewed,Poorly_Reviewed
Poorly_Reviewed,Poorly_Reviewed
Poorly_Reviewed,Poorly_Reviewed
Poorly_Reviewed,Poorly_Reviewed
Poorly_Reviewed,Poorly_Reviewed
Critically_Acclaimed,Critically_Acclaimed
Poorly_Reviewed,Poorly_Reviewed
Poorly_Reviewed,Poorly_Reviewed
Poorly_Reviewed,Poorly_Reviewed
Critically_Acclaimed,Critically_Acclaimed
Poorly_Reviewed,Poorly_Reviewed
Poorly_Reviewed,Poorly_Reviewed
Poorly_Reviewed,Poorly_Reviewed
Poorly_Reviewed,Poorly_Reviewed
Poorly_Reviewed,Poorly_Reviewed
Critically_Acclaimed,Critically_Acclaimed
Critically_Acclaimed,Poorly_Reviewed
Poorly_Reviewed,Poorly_Reviewed
Critically_Acclaimed,Critically_Acclaimed
Poorly_Reviewed,Poorly_Reviewed
Poorly_Reviewed,Poorly_Reviewed
Poorly_Reviewed,Critically_Acclaimed
Poorly_Reviewed,Poorly_Reviewed
Critically_Acclaimed,Critically_Acclaimed
Poorly_Reviewed,Critically_Acclaimed
Poorly_Reviewed,Poorly_Reviewed
Poorly_Reviewed,Poorly_Reviewed
Poorly_Reviewed,Poorly_Reviewed
Poorly_Reviewed,Poorly_Reviewed
Critically_Acclaimed,Critically_Acclaimed
Poorly_Reviewed,Poorly_Reviewed
Poorly_Reviewed,Critically_Acclaimed
Poorly_Reviewed,Poorly_Reviewed
Poorly_Reviewed,Poorly_Reviewed
Poorly_Reviewed,Poorly_Reviewed
Critically_Acclaimed,Critically_Acclaimed
Poorly_Reviewed,Poorly_Reviewed
Poorly_Reviewed,Poorly_Reviewed
Poorly_Reviewed,Poorly_Reviewed
Poorly_Reviewed,Critically_Acclaimed
Poorly_Reviewed,Poorly_Reviewed
Critically_Acclaimed,Critically_Acclaimed
Poorly_Reviewed,Poorly_Reviewed
Poorly_Reviewed,Poorly_Reviewed
Poorly_Reviewed,Poorly_Reviewed
Poorly_Reviewed,Poorly_Reviewed
Critically_Acclaimed,Poorly_Reviewed
Critically_Acclaimed,Critically_Acclaimed
Critically_Acclaimed,Critically_Acclaimed
Critically_Acclaimed,Critically_Acclaimed
Critically_Acclaimed,Critically_Acclaimed
Poorly_Reviewed,Poorly_Reviewed
Critically_Acclaimed,Critically_Acclaimed
Poorly_Reviewed,Poorly_Reviewed
Critically_Acclaimed,Poorly_Reviewed
Poorly_Reviewed,Poorly_Reviewed
Critically_Acclaimed,Critically_Acclaimed
Poorly_Reviewed,Poorly_Reviewed
Poorly_Reviewed,Poorly_Reviewed
Poorly_Reviewed,Poorly_Reviewed
Poorly_Reviewed,Poorly_Reviewed
Poorly_Reviewed,Poorly_Reviewed
Critically_Acclaimed,Poorly_Reviewed
Poorly_Reviewed,Poorly_Reviewed
Poorly_Reviewed,Poorly_Reviewed
Poorly_Reviewed,Poorly_Reviewed
Poorly_Reviewed,Poorly_Reviewed
Poorly_Reviewed,Poorly_Reviewed
Poorly_Reviewed,Poorly_Reviewed
Critically_Acclaimed,Critically_Acclaimed
Poorly_Reviewed,Poorly_Reviewed
Poorly_Reviewed,Poorly_Reviewed
Poorly_Reviewed,Critically_Acclaimed
Poorly_Reviewed,Poorly_Reviewed
Critically_Acclaimed,Critically_Acclaimed
Poorly_Reviewed,Critically_Acclaimed
Poorly_Reviewed,Poorly_Reviewed
Poorly_Reviewed,Poorly_Reviewed
Critically_Acclaimed,Critically_Acclaimed
Poorly_Reviewed,Poorly_Reviewed
Critically_Acclaimed,Critically_Acclaimed
Poorly_Reviewed,Poorly_Reviewed
Poorly_Reviewed,Critically_Acclaimed
Poorly_Reviewed,Poorly_Reviewed
Poorly_Reviewed,Poorly_Reviewed
Poorly_Reviewed,Critically_Acclaimed
Poorly_Reviewed,Poorly_Reviewed
Poorly_Reviewed,Poorly_Reviewed
Poorly_Reviewed,Poorly_Reviewed
Critically_Acclaimed,Critically_Acclaimed
Poorly_Reviewed,Poorly_Reviewed
Poorly_Reviewed,Poorly_Reviewed
Poorly_Reviewed,Poorly_Reviewed
Poorly_Reviewed,Poorly_Reviewed
Poorly_Reviewed,Poorly_Reviewed
Poorly_Reviewed,Poorly_Reviewed
Poorly_Reviewed,Poorly_Reviewed
Poorly_Reviewed,Poorly_Reviewed
Critically_Acclaimed,Poorly_Reviewed
Poorly_Reviewed,Poorly_Reviewed
Poorly_Reviewed,Poorly_Reviewed
Critically_Acclaimed,Poorly_Reviewed
Poorly_Reviewed,Poorly_Reviewed
Poorly_Reviewed,Poorly_Reviewed
Poorly_Reviewed,Poorly_Reviewed
Poorly_Reviewed,Poorly_Reviewed
Critically_Acclaimed,Critically_Acclaimed
Poorly_Reviewed,Poorly_Reviewed
Poorly_Reviewed,Poorly_Reviewed
Poorly_Reviewed,Poorly_Reviewed
Poorly_Reviewed,Poorly_Reviewed
Poorly_Reviewed,Poorly_Reviewed
Poorly_Reviewed,Poorly_Reviewed
Poorly_Reviewed,Poorly_Reviewed
Poorly_Reviewed,Critically_Acclaimed
Poorly_Reviewed,Poorly_Reviewed
Poorly_Reviewed,Poorly_Reviewed
Poorly_Reviewed,Poorly_Reviewed
Critically_Acclaimed,Poorly_Reviewed
Poorly_Reviewed,Poorly_Reviewed
Critically_Acclaimed,Critically_Acclaimed
Critically_Acclaimed,Critically_Acclaimed
Poorly_Reviewed,Poorly_Reviewed
Poorly_Reviewed,Poorly_Reviewed
Poorly_Reviewed,Poorly_Reviewed
Poorly_Reviewed,Poorly_Reviewed
Poorly_Reviewed,Poorly_Reviewed
Critically_Acclaimed,Critically_Acclaimed
Poorly_Reviewed,Critically_Acclaimed
Poorly_Reviewed,Poorly_Reviewed
Poorly_Reviewed,Poorly_Reviewed
Poorly_Reviewed,Poorly_Reviewed
Poorly_Reviewed,Poorly_Reviewed
Poorly_Reviewed,Poorly_Reviewed
Critically_Acclaimed,Critically_Acclaimed
Poorly_Reviewed,Poorly_Reviewed
Poorly_Reviewed,Poorly_Reviewed
Critically_Acclaimed,Poorly_Reviewed
Poorly_Reviewed,Poorly_Reviewed
Critically_Acclaimed,Poorly_Reviewed
Poorly_Reviewed,Poorly_Reviewed
Poorly_Reviewed,Poorly_Reviewed
Poorly_Reviewed,Poorly_Reviewed
Critically_Acclaimed,Critically_Acclaimed
Poorly_Reviewed,Critically_Acclaimed
Poorly_Reviewed,Poorly_Reviewed
Poorly_Reviewed,Poorly_Reviewed
Poorly_Reviewed,Critically_Acclaimed
Poorly_Reviewed,Poorly_Reviewed
Critically_Acclaimed,Poorly_Reviewed
Critically_Acclaimed,Critically_Acclaimed
Poorly_Reviewed,Poorly_Reviewed
Poorly_Reviewed,Poorly_Reviewed
Poorly_Reviewed,Poorly_Reviewed
